,Unnamed: 0,carat,cut,cut_ord,color,clarity,clarity_ord
0,1,1.22,Premium,4,G,SI1,3
1,2,1.01,Good,2,G,VS2,5
2,3,0.71,Very Good,3,I,VS2,5
3,4,1.01,Ideal,5,D,SI2,2
4,5,0.27,Ideal,5,H,VVS2,6
5,6,0.52,Premium,4,G,VS1,4
6,7,1.01,Premium,4,F,SI1,3
7,8,0.59,Ideal,5,D,SI1,3
8,9,1.01,Good,2,E,SI1,3
9,10,2.03,Ideal,5,F,SI2,2
10,11,1.35,Premium,4,H,VS2,5
11,12,0.74,Ideal,5,G,SI1,3
12,13,0.9,Premium,4,D,SI1,3
13,14,0.3,Good,2,G,VS2,5
14,15,1.01,Good,2,F,VS2,5
15,16,1.02,Good,2,H,SI2,2
16,17,2.05,Premium,4,G,SI1,3
17,18,0.54,Ideal,5,I,SI1,3
18,19,0.72,Ideal,5,G,VS2,5
19,20,2.0,Premium,4,J,SI2,2
20,21,1.57,Premium,4,G,SI2,2
21,22,0.89,Premium,4,G,SI1,3
22,23,0.33,Premium,4,I,VVS2,6
23,24,0.3,Very Good,3,G,IF,8
24,25,1.79,Very Good,3,I,VS2,5
25,26,1.11,Ideal,5,E,SI2,2
26,27,0.79,Premium,4,F,SI1,3
27,28,0.71,Very Good,3,F,SI1,3
28,29,0.73,Ideal,5,G,SI1,3
29,30,0.9,Very Good,3,G,VS2,5
30,31,1.31,Good,2,I,VS1,4
31,32,1.01,Ideal,5,F,SI2,2
32,33,0.35,Premium,4,D,SI1,3
33,34,0.41,Premium,4,G,VS2,5
34,35,0.32,Premium,4,E,VS2,5
35,36,0.38,Ideal,5,D,VS1,4
36,37,1.21,Premium,4,I,SI2,2
37,38,1.0,Premium,4,F,SI1,3
38,39,0.56,Ideal,5,H,VS2,5
39,40,1.0,Good,2,J,SI1,3
40,41,0.32,Premium,4,H,VVS1,7
41,42,1.7,Ideal,5,D,SI1,3
42,43,2.26,Very Good,3,D,SI2,2
43,44,0.32,Premium,4,D,VS2,5
44,45,0.4,Very Good,3,F,VVS1,7
45,46,2.13,Very Good,3,G,SI2,2
46,47,0.7,Premium,4,G,VS2,5
47,48,2.01,Premium,4,H,SI1,3
48,49,1.15,Premium,4,G,SI1,3
49,50,0.71,Ideal,5,E,VS1,4
50,51,1.35,Premium,4,G,VVS2,6
51,52,0.51,Ideal,5,F,SI1,3
52,53,0.34,Ideal,5,D,IF,8
53,54,1.58,Ideal,5,G,VS1,4
54,55,2.05,Good,2,G,SI2,2
55,56,0.41,Ideal,5,H,VS1,4
56,57,0.6,Fair,1,F,SI1,3
57,58,0.31,Ideal,5,H,IF,8
58,59,0.64,Very Good,3,D,SI1,3
59,60,0.71,Premium,4,J,SI1,3
60,61,0.55,Ideal,5,F,VS2,5
61,62,1.26,Very Good,3,G,VVS2,6
62,63,1.03,Premium,4,G,VS1,4
63,64,1.01,Premium,4,H,SI2,2
64,65,0.25,Very Good,3,E,VVS2,6
65,66,0.9,Premium,4,H,SI1,3
66,67,0.45,Premium,4,D,VS1,4
67,68,0.3,Ideal,5,F,IF,8
68,69,0.9,Good,2,D,SI2,2
69,70,0.8,Very Good,3,F,VS2,5
70,71,0.33,Premium,4,G,VS1,4
71,72,0.71,Ideal,5,G,SI1,3
72,73,0.7,Premium,4,D,SI1,3
73,74,0.78,Ideal,5,H,SI2,2
74,75,0.7,Very Good,3,F,SI2,2
75,76,0.38,Ideal,5,F,VVS2,6
76,77,0.54,Premium,4,J,VS2,5
77,78,0.25,Good,2,E,VVS2,6
78,79,2.5,Good,2,J,VS2,5
79,80,0.72,Good,2,D,VS1,4
80,81,0.41,Ideal,5,E,VS2,5
81,82,2.03,Ideal,5,G,SI2,2
82,83,1.24,Premium,4,D,SI1,3
83,84,0.92,Premium,4,G,SI2,2
84,85,1.0,Fair,1,E,SI2,2
85,86,0.57,Ideal,5,F,VS1,4
86,87,0.54,Ideal,5,D,SI1,3
87,88,1.08,Premium,4,H,SI2,2
88,89,0.54,Very Good,3,H,VVS1,7
89,90,0.63,Very Good,3,F,VS2,5
90,91,1.58,Premium,4,D,SI1,3
91,92,0.3,Very Good,3,D,VS2,5
92,93,1.56,Ideal,5,G,VVS2,6
93,94,0.26,Very Good,3,F,VVS2,6
94,95,0.57,Ideal,5,E,VS2,5
95,96,0.39,Ideal,5,F,IF,8
96,97,1.13,Very Good,3,G,SI2,2
97,98,1.09,Ideal,5,H,SI1,3
98,99,1.52,Ideal,5,E,SI2,2
99,100,1.01,Very Good,3,E,VS1,4
100,101,1.21,Premium,4,H,SI2,2
101,102,0.5,Ideal,5,H,SI1,3
102,103,1.33,Premium,4,E,SI2,2
103,104,0.52,Very Good,3,D,VS2,5
104,105,0.33,Ideal,5,H,SI2,2
105,106,1.06,Premium,4,G,SI2,2
106,107,0.9,Premium,4,F,SI2,2
107,108,0.92,Ideal,5,H,VS1,4
108,109,1.54,Premium,4,D,VS2,5
109,110,1.0,Premium,4,E,SI2,2
110,111,1.2,Ideal,5,G,VS1,4
111,112,1.0,Ideal,5,E,SI1,3
112,113,0.33,Very Good,3,E,SI1,3
113,114,0.38,Ideal,5,E,IF,8
114,115,0.55,Ideal,5,H,VVS2,6
115,116,0.31,Premium,4,J,VS2,5
116,117,1.13,Ideal,5,D,VS1,4
117,118,0.33,Premium,4,D,SI1,3
118,119,1.03,Premium,4,E,VS2,5
119,120,0.53,Very Good,3,F,SI1,3
120,121,1.0,Good,2,F,I1,1
121,122,0.8,Very Good,3,F,VS1,4
122,123,1.25,Good,2,I,SI2,2
123,124,0.5,Very Good,3,E,SI1,3
124,125,0.56,Ideal,5,D,VS2,5
125,126,0.46,Ideal,5,J,VS2,5
126,127,2.1,Premium,4,H,SI2,2
127,128,0.77,Ideal,5,D,SI1,3
128,129,0.53,Premium,4,H,VS2,5
129,130,0.75,Very Good,3,F,VS1,4
130,131,0.41,Premium,4,F,VVS2,6
131,132,0.41,Ideal,5,G,VVS1,7
132,133,0.51,Ideal,5,D,VS2,5
133,134,0.34,Premium,4,G,VS2,5
134,135,0.51,Ideal,5,E,SI2,2
135,136,0.3,Premium,4,H,SI1,3
136,137,1.5,Good,2,G,SI2,2
137,138,1.01,Very Good,3,F,SI2,2
138,139,1.1,Ideal,5,G,VS1,4
139,140,0.5,Good,2,D,SI1,3
140,141,1.0,Good,2,E,VVS2,6
141,142,1.22,Ideal,5,J,VS1,4
142,143,1.51,Ideal,5,H,SI2,2
143,144,0.31,Ideal,5,E,VVS1,7
144,145,0.95,Premium,4,E,SI2,2
145,146,1.06,Very Good,3,I,SI2,2
146,147,1.39,Premium,4,E,VS2,5
147,148,1.01,Very Good,3,H,VS2,5
148,149,0.72,Premium,4,D,SI1,3
149,150,0.51,Premium,4,D,VS1,4
150,151,1.5,Very Good,3,D,SI2,2
151,152,0.7,Premium,4,G,VVS1,7
152,153,1.01,Premium,4,H,SI2,2
153,154,0.3,Ideal,5,I,SI1,3
154,155,1.29,Premium,4,F,SI1,3
155,156,1.01,Very Good,3,F,VS2,5
156,157,0.33,Ideal,5,I,VS2,5
157,158,1.53,Premium,4,H,SI2,2
158,159,0.85,Premium,4,D,SI2,2
159,160,0.33,Ideal,5,G,VS2,5
160,161,0.6,Ideal,5,D,VVS1,7
161,162,0.63,Premium,4,I,VS1,4
162,163,1.04,Premium,4,G,SI2,2
163,164,2.01,Very Good,3,H,SI2,2
164,165,0.71,Premium,4,E,SI1,3
165,166,0.3,Very Good,3,G,VVS2,6
166,167,1.74,Ideal,5,J,VS1,4
167,168,1.06,Ideal,5,E,SI1,3
168,169,0.7,Fair,1,G,SI1,3
169,170,1.52,Very Good,3,G,VS2,5
170,171,0.41,Ideal,5,F,VS2,5
171,172,1.22,Ideal,5,G,VS1,4
172,173,0.37,Premium,4,E,SI1,3
173,174,0.3,Premium,4,H,SI1,3
174,175,0.54,Premium,4,E,SI1,3
175,176,0.37,Ideal,5,E,VS2,5
176,177,1.5,Premium,4,E,VVS2,6
177,178,0.62,Very Good,3,G,VS2,5
178,179,1.33,Premium,4,H,SI2,2
179,180,1.51,Very Good,3,J,SI2,2
180,181,0.31,Ideal,5,H,VVS1,7
181,182,0.38,Ideal,5,G,SI2,2
182,183,0.31,Ideal,5,I,VS1,4
183,184,0.34,Premium,4,G,VVS2,6
184,185,0.75,Good,2,E,SI2,2
185,186,0.28,Very Good,3,F,VVS2,6
186,187,1.23,Very Good,3,G,SI2,2
187,188,0.75,Good,2,E,SI1,3
188,189,1.11,Ideal,5,H,VVS2,6
189,190,2.07,Very Good,3,I,SI1,3
190,191,1.0,Premium,4,D,SI1,3
191,192,0.79,Ideal,5,F,SI1,3
192,193,0.31,Ideal,5,G,VS1,4
193,194,0.31,Premium,4,I,VVS1,7
194,195,1.0,Ideal,5,H,SI1,3
195,196,0.41,Premium,4,G,VS1,4
196,197,0.51,Premium,4,E,SI1,3
197,198,1.91,Very Good,3,F,SI1,3
198,199,1.19,Very Good,3,E,VS2,5
199,200,0.32,Premium,4,F,VVS1,7
200,201,0.55,Ideal,5,F,SI2,2
201,202,0.32,Ideal,5,F,IF,8
202,203,1.09,Ideal,5,G,SI2,2
203,204,0.9,Very Good,3,I,VVS1,7
204,205,0.74,Ideal,5,E,VS2,5
205,206,0.9,Very Good,3,G,VS2,5
206,207,0.76,Ideal,5,D,VS1,4
207,208,0.73,Ideal,5,D,SI2,2
208,209,0.52,Good,2,G,SI1,3
209,210,0.73,Premium,4,E,SI1,3
210,211,0.76,Premium,4,I,VS2,5
211,212,0.48,Good,2,F,VS1,4
212,213,1.5,Fair,1,D,SI1,3
213,214,0.37,Very Good,3,F,SI1,3
214,215,0.43,Premium,4,E,VS2,5
215,216,0.58,Ideal,5,E,VVS2,6
216,217,1.01,Ideal,5,D,SI1,3
217,218,0.28,Ideal,5,H,VS1,4
218,219,0.53,Very Good,3,G,VS1,4
219,220,0.9,Very Good,3,I,VS2,5
220,221,0.3,Ideal,5,F,VVS1,7
221,222,1.51,Premium,4,D,SI2,2
222,223,1.01,Premium,4,G,SI2,2
223,224,0.31,Ideal,5,F,VS2,5
224,225,0.66,Ideal,5,D,VS2,5
225,226,0.56,Premium,4,D,SI1,3
226,227,0.28,Very Good,3,E,VVS2,6
227,228,0.55,Ideal,5,F,SI2,2
228,229,0.29,Ideal,5,G,IF,8
229,230,0.36,Ideal,5,E,VS1,4
230,231,0.31,Ideal,5,D,SI1,3
231,232,0.58,Very Good,3,G,VVS2,6
232,233,0.4,Premium,4,D,SI2,2
233,234,0.29,Ideal,5,I,VS1,4
234,235,0.62,Very Good,3,E,VS1,4
235,236,0.73,Ideal,5,E,SI2,2
236,237,2.01,Very Good,3,J,SI2,2
237,238,0.7,Very Good,3,G,I1,1
238,239,0.54,Good,2,D,SI2,2
239,240,0.3,Fair,1,D,VVS2,6
240,241,0.38,Ideal,5,H,VVS1,7
241,242,0.7,Premium,4,G,VS1,4
242,243,0.82,Ideal,5,E,SI2,2
243,244,0.41,Ideal,5,E,VVS2,6
244,245,0.64,Ideal,5,G,IF,8
245,246,1.01,Very Good,3,H,VS1,4
246,247,0.58,Very Good,3,I,VS2,5
247,248,0.34,Ideal,5,D,VS1,4
248,249,0.85,Ideal,5,E,VS1,4
249,250,0.91,Good,2,G,SI2,2
250,251,0.91,Premium,4,G,SI2,2
251,252,0.5,Fair,1,E,VS2,5
252,253,1.0,Premium,4,F,VS2,5
253,254,1.5,Very Good,3,G,SI1,3
254,255,1.26,Ideal,5,H,VS1,4
255,256,0.35,Premium,4,D,SI2,2
256,257,1.09,Premium,4,I,VS2,5
257,258,0.3,Ideal,5,F,VS2,5
258,259,0.27,Ideal,5,E,VS1,4
259,260,0.32,Ideal,5,E,VVS2,6
260,261,1.09,Premium,4,I,VS1,4
261,262,0.4,Premium,4,F,SI1,3
262,263,1.04,Ideal,5,E,VVS2,6
263,264,0.51,Premium,4,E,VS2,5
264,265,0.73,Ideal,5,H,SI1,3
265,266,1.01,Good,2,H,SI2,2
266,267,1.34,Ideal,5,G,VS2,5
267,268,0.52,Ideal,5,G,VVS2,6
268,269,1.21,Good,2,H,VS1,4
269,270,0.35,Ideal,5,F,VS1,4
270,271,0.7,Ideal,5,G,VVS2,6
271,272,0.7,Premium,4,G,SI1,3
272,273,0.42,Very Good,3,G,SI1,3
273,274,0.38,Premium,4,D,SI2,2
274,275,0.3,Ideal,5,G,VS1,4
275,276,0.91,Premium,4,F,SI2,2
276,277,1.11,Premium,4,G,SI1,3
277,278,0.3,Good,2,G,IF,8
278,279,0.32,Ideal,5,F,VVS1,7
279,280,0.42,Ideal,5,F,VS2,5
280,281,0.54,Ideal,5,G,VVS2,6
281,282,2.03,Very Good,3,I,VS2,5
282,283,0.4,Good,2,F,VS2,5
283,284,0.57,Premium,4,H,VS1,4
284,285,0.72,Ideal,5,J,VVS1,7
285,286,1.3,Premium,4,I,SI1,3
286,287,1.01,Premium,4,E,VS2,5
287,288,0.39,Ideal,5,G,SI2,2
288,289,0.43,Ideal,5,F,VVS2,6
289,290,0.77,Premium,4,I,SI1,3
290,291,0.53,Ideal,5,F,VVS1,7
291,292,0.65,Very Good,3,I,IF,8
292,293,0.33,Premium,4,D,SI2,2
293,294,1.02,Premium,4,F,SI2,2
294,295,0.31,Premium,4,G,VVS1,7
295,296,0.36,Ideal,5,F,SI1,3
296,297,0.3,Very Good,3,H,VVS1,7
297,298,0.9,Very Good,3,H,SI2,2
298,299,1.05,Ideal,5,G,SI1,3
299,300,1.5,Good,2,D,SI2,2
300,301,0.9,Very Good,3,H,VS1,4
301,302,0.72,Very Good,3,E,SI1,3
302,303,0.42,Premium,4,G,VS2,5
303,304,0.53,Premium,4,I,VVS1,7
304,305,0.51,Very Good,3,F,SI1,3
305,306,0.51,Ideal,5,H,VS2,5
306,307,0.86,Premium,4,F,SI2,2
307,308,1.51,Premium,4,H,SI1,3
308,309,0.37,Ideal,5,F,VS1,4
309,310,0.56,Premium,4,D,SI1,3
310,311,1.59,Premium,4,I,VS2,5
311,312,0.73,Ideal,5,H,SI1,3
312,313,0.31,Ideal,5,F,IF,8
313,314,0.4,Very Good,3,F,SI1,3
314,315,0.52,Ideal,5,F,VS2,5
315,316,1.04,Premium,4,H,SI1,3
316,317,1.0,Ideal,5,J,VS1,4
317,318,0.78,Ideal,5,F,SI1,3
318,319,0.76,Ideal,5,J,SI1,3
319,320,0.71,Premium,4,E,VS2,5
320,321,0.9,Ideal,5,G,SI2,2
321,322,1.01,Very Good,3,E,SI2,2
322,323,0.81,Very Good,3,G,SI2,2
323,324,0.36,Ideal,5,F,VVS2,6
324,325,0.61,Ideal,5,I,SI2,2
325,326,0.51,Ideal,5,E,VS2,5
326,327,0.24,Ideal,5,E,VVS2,6
327,328,0.52,Ideal,5,H,IF,8
328,329,1.0,Premium,4,H,SI2,2
329,330,0.31,Ideal,5,H,VVS2,6
330,331,1.08,Premium,4,H,VS1,4
331,332,0.7,Good,2,D,VS2,5
332,333,0.3,Very Good,3,F,VVS1,7
333,334,0.3,Ideal,5,H,SI1,3
334,335,0.7,Very Good,3,G,VS2,5
335,336,0.72,Ideal,5,E,SI2,2
336,337,0.3,Ideal,5,H,VVS1,7
337,338,0.76,Premium,4,F,SI1,3
338,339,0.41,Very Good,3,D,SI1,3
339,340,0.41,Premium,4,E,SI1,3
340,341,0.4,Very Good,3,D,SI2,2
341,342,1.54,Good,2,E,SI1,3
342,343,0.55,Ideal,5,E,VVS2,6
343,344,0.57,Ideal,5,H,SI1,3
344,345,0.53,Ideal,5,E,VS2,5
345,346,0.33,Very Good,3,E,VS2,5
346,347,1.53,Premium,4,D,SI2,2
347,348,0.52,Ideal,5,H,SI1,3
348,349,1.01,Very Good,3,F,VVS1,7
349,350,0.91,Very Good,3,D,SI1,3
350,351,0.54,Premium,4,F,VS2,5
351,352,0.53,Premium,4,H,SI1,3
352,353,1.02,Premium,4,G,VS2,5
353,354,0.3,Premium,4,H,VS1,4
354,355,2.05,Ideal,5,H,SI2,2
355,356,0.3,Premium,4,D,VS2,5
356,357,0.3,Premium,4,H,VS1,4
357,358,0.9,Very Good,3,J,VS1,4
358,359,2.25,Ideal,5,I,SI2,2
359,360,0.42,Ideal,5,G,VVS1,7
360,361,0.7,Good,2,F,SI2,2
361,362,1.2,Very Good,3,I,SI1,3
362,363,1.52,Premium,4,G,SI1,3
363,364,0.33,Ideal,5,G,VVS1,7
364,365,1.21,Premium,4,J,VVS2,6
365,366,0.23,Very Good,3,E,VVS2,6
366,367,0.31,Ideal,5,H,VVS2,6
367,368,0.5,Ideal,5,F,SI1,3
368,369,1.01,Very Good,3,H,SI1,3
369,370,0.76,Ideal,5,H,VS2,5
370,371,0.31,Premium,4,E,VVS2,6
371,372,1.77,Ideal,5,D,SI2,2
372,373,0.4,Very Good,3,G,SI1,3
373,374,0.51,Very Good,3,G,VS2,5
374,375,0.54,Ideal,5,F,VVS1,7
375,376,0.3,Ideal,5,F,SI1,3
376,377,1.06,Ideal,5,I,SI2,2
377,378,0.81,Ideal,5,F,VS1,4
378,379,0.58,Ideal,5,D,SI1,3
379,380,0.53,Good,2,H,SI1,3
380,381,0.3,Very Good,3,E,SI1,3
381,382,1.09,Premium,4,F,SI1,3
382,383,1.17,Ideal,5,I,SI2,2
383,384,1.53,Ideal,5,I,VS2,5
384,385,1.03,Good,2,E,SI2,2
385,386,0.35,Premium,4,I,SI1,3
386,387,1.0,Very Good,3,D,VS2,5
387,388,2.01,Premium,4,G,SI2,2
388,389,0.32,Premium,4,G,VS1,4
389,390,1.01,Ideal,5,F,SI2,2
390,391,0.4,Very Good,3,D,VS2,5
391,392,1.12,Premium,4,D,SI2,2
392,393,1.24,Very Good,3,H,VVS2,6
393,394,0.52,Ideal,5,E,VS2,5
394,395,0.82,Very Good,3,F,VVS2,6
395,396,1.05,Good,2,G,SI2,2
396,397,1.0,Very Good,3,F,VS2,5
397,398,0.81,Very Good,3,J,SI1,3
398,399,1.02,Very Good,3,E,VS1,4
399,400,0.75,Fair,1,J,VS1,4
400,401,0.4,Very Good,3,D,SI2,2
401,402,2.04,Premium,4,F,SI2,2
402,403,0.52,Ideal,5,E,VS2,5
403,404,0.8,Very Good,3,F,VS2,5
404,405,1.01,Very Good,3,F,VS1,4
405,406,0.43,Premium,4,E,SI1,3
406,407,1.13,Premium,4,G,VVS1,7
407,408,0.4,Ideal,5,F,IF,8
408,409,1.05,Premium,4,G,VS1,4
409,410,0.41,Good,2,E,VS2,5
410,411,1.01,Ideal,5,G,VS2,5
411,412,0.7,Fair,1,G,SI1,3
412,413,0.55,Ideal,5,G,VVS1,7
413,414,0.53,Ideal,5,E,VS2,5
414,415,1.16,Ideal,5,F,VS2,5
415,416,0.3,Ideal,5,F,VS1,4
416,417,0.7,Ideal,5,F,VS2,5
417,418,0.33,Very Good,3,F,VVS2,6
418,419,0.71,Premium,4,E,VS2,5
419,420,0.71,Premium,4,E,VS1,4
420,421,0.33,Ideal,5,G,IF,8
421,422,1.58,Ideal,5,I,SI1,3
422,423,1.63,Premium,4,I,VS1,4
423,424,0.38,Ideal,5,E,IF,8
424,425,1.29,Premium,4,I,VS1,4
425,426,1.1,Very Good,3,I,SI2,2
426,427,1.73,Premium,4,F,SI2,2
427,428,1.01,Fair,1,F,SI1,3
428,429,0.41,Very Good,3,E,SI2,2
429,430,0.9,Premium,4,I,VS2,5
430,431,0.3,Ideal,5,I,VS1,4
431,432,0.27,Ideal,5,E,VS1,4
432,433,0.28,Very Good,3,H,SI1,3
433,434,1.17,Ideal,5,H,VS2,5
434,435,1.02,Premium,4,E,SI1,3
435,436,0.34,Ideal,5,E,VVS1,7
436,437,0.45,Good,2,F,VS1,4
437,438,0.75,Ideal,5,G,SI2,2
438,439,0.31,Ideal,5,F,VVS2,6
439,440,0.38,Ideal,5,D,VVS2,6
440,441,0.39,Premium,4,G,VS2,5
441,442,0.54,Ideal,5,G,SI1,3
442,443,0.7,Premium,4,D,SI1,3
443,444,0.31,Ideal,5,E,IF,8
444,445,1.21,Ideal,5,F,VS2,5
445,446,0.33,Premium,4,G,VS1,4
446,447,1.11,Very Good,3,J,VS1,4
447,448,0.31,Ideal,5,F,VS2,5
448,449,0.32,Very Good,3,F,VS2,5
449,450,0.28,Very Good,3,E,VVS2,6
450,451,2.17,Very Good,3,H,SI2,2
451,452,0.35,Good,2,H,VS2,5
452,453,0.57,Ideal,5,F,VVS1,7
453,454,1.02,Ideal,5,I,SI1,3
454,455,0.77,Ideal,5,J,VS2,5
455,456,0.55,Ideal,5,F,SI2,2
456,457,0.91,Premium,4,G,SI1,3
457,458,1.01,Very Good,3,G,VS2,5
458,459,0.33,Ideal,5,G,VVS2,6
459,460,0.9,Good,2,H,VS2,5
460,461,0.31,Premium,4,G,VS2,5
461,462,0.3,Ideal,5,D,VS1,4
462,463,0.39,Ideal,5,H,SI2,2
463,464,0.63,Very Good,3,G,VS1,4
464,465,0.71,Ideal,5,F,SI1,3
465,466,1.02,Ideal,5,G,VS2,5
466,467,0.56,Very Good,3,J,VS2,5
467,468,0.53,Ideal,5,E,VS1,4
468,469,0.92,Good,2,D,SI2,2
469,470,0.3,Ideal,5,G,VS1,4
470,471,0.52,Very Good,3,F,VVS2,6
471,472,0.36,Ideal,5,E,VS1,4
472,473,2.02,Ideal,5,F,SI2,2
473,474,0.54,Ideal,5,D,VS2,5
474,475,0.76,Very Good,3,J,VS1,4
475,476,1.21,Very Good,3,F,VS2,5
476,477,0.3,Premium,4,F,VS2,5
477,478,0.9,Very Good,3,E,SI1,3
478,479,0.36,Ideal,5,D,SI2,2
479,480,0.71,Ideal,5,I,SI1,3
480,481,1.09,Ideal,5,E,VS2,5
481,482,0.31,Ideal,5,D,VVS2,6
482,483,0.3,Very Good,3,G,VS1,4
483,484,0.4,Ideal,5,I,VS2,5
484,485,0.3,Ideal,5,E,VVS2,6
485,486,1.7,Premium,4,F,VS2,5
486,487,0.43,Very Good,3,E,SI1,3
487,488,0.53,Ideal,5,F,VVS2,6
488,489,0.41,Ideal,5,G,VS1,4
489,490,0.72,Premium,4,E,SI1,3
490,491,1.0,Good,2,G,VS2,5
491,492,0.37,Ideal,5,F,VVS2,6
492,493,0.5,Very Good,3,G,SI1,3
493,494,0.31,Ideal,5,G,VVS1,7
494,495,1.01,Very Good,3,F,VS2,5
495,496,0.33,Ideal,5,E,VS2,5
496,497,0.35,Good,2,I,SI1,3
497,498,0.3,Ideal,5,E,VVS2,6
498,499,0.37,Premium,4,J,VS2,5
499,500,1.21,Ideal,5,G,VS2,5
500,501,1.05,Ideal,5,E,VVS2,6
501,502,1.11,Premium,4,D,VS2,5
502,503,0.57,Ideal,5,D,VS2,5
503,504,1.01,Very Good,3,E,SI2,2
504,505,0.51,Ideal,5,I,VS2,5
505,506,0.52,Ideal,5,G,VS1,4
506,507,0.58,Ideal,5,G,SI1,3
507,508,0.26,Very Good,3,E,VVS1,7
508,509,0.85,Fair,1,H,I1,1
509,510,0.43,Ideal,5,G,VVS1,7
510,511,0.25,Ideal,5,G,VVS1,7
511,512,0.78,Ideal,5,H,SI1,3
512,513,1.0,Ideal,5,D,SI1,3
513,514,0.31,Good,2,D,SI2,2
514,515,0.44,Premium,4,G,VS2,5
515,516,0.5,Premium,4,G,VVS2,6
516,517,1.82,Very Good,3,G,SI1,3
517,518,0.4,Very Good,3,D,VVS2,6
518,519,0.33,Premium,4,H,VS2,5
519,520,0.71,Premium,4,G,SI1,3
520,521,2.03,Very Good,3,I,VS2,5
521,522,0.25,Ideal,5,H,VS1,4
522,523,1.1,Premium,4,F,VS2,5
523,524,0.91,Very Good,3,G,VS1,4
524,525,0.54,Ideal,5,D,VS1,4
525,526,0.9,Good,2,D,SI1,3
526,527,1.09,Good,2,H,SI1,3
527,528,1.57,Ideal,5,H,I1,1
528,529,0.71,Ideal,5,F,VS1,4
529,530,0.72,Good,2,G,VS2,5
530,531,1.12,Ideal,5,H,SI1,3
531,532,0.31,Ideal,5,H,IF,8
532,533,0.7,Ideal,5,F,SI1,3
533,534,0.53,Ideal,5,H,VS1,4
534,535,0.3,Ideal,5,H,IF,8
535,536,0.73,Premium,4,G,VVS2,6
536,537,0.4,Premium,4,E,VS1,4
537,538,1.09,Premium,4,H,SI1,3
538,539,1.21,Premium,4,I,VS2,5
539,540,0.32,Ideal,5,D,VVS2,6
540,541,0.31,Ideal,5,G,VVS1,7
541,542,0.43,Premium,4,I,IF,8
542,543,0.3,Ideal,5,E,VS2,5
543,544,1.0,Ideal,5,H,I1,1
544,545,0.3,Ideal,5,E,SI2,2
545,546,0.61,Very Good,3,G,VS2,5
546,547,0.33,Very Good,3,E,SI1,3
547,548,0.62,Premium,4,F,VS2,5
548,549,1.1,Premium,4,G,VS2,5
549,550,0.32,Ideal,5,F,VS1,4
550,551,1.08,Very Good,3,F,SI1,3
551,552,0.41,Ideal,5,G,SI2,2
552,553,1.0,Ideal,5,G,SI1,3
553,554,1.0,Ideal,5,E,SI1,3
554,555,0.37,Ideal,5,G,IF,8
555,556,0.35,Premium,4,E,SI2,2
556,557,1.2,Good,2,H,SI1,3
557,558,0.5,Premium,4,E,SI1,3
558,559,0.43,Ideal,5,G,VVS2,6
559,560,0.42,Very Good,3,G,VS2,5
560,561,0.59,Ideal,5,E,SI1,3
561,562,1.4,Ideal,5,H,SI2,2
562,563,0.66,Good,2,F,VS2,5
563,564,1.02,Ideal,5,I,VS2,5
564,565,0.53,Ideal,5,H,VS2,5
565,566,0.51,Good,2,F,SI1,3
566,567,0.42,Very Good,3,D,SI2,2
567,568,2.03,Ideal,5,H,SI2,2
568,569,0.41,Premium,4,H,VS1,4
569,570,0.41,Ideal,5,F,VS1,4
570,571,0.3,Very Good,3,H,VS2,5
571,572,1.11,Ideal,5,F,VS2,5
572,573,0.31,Very Good,3,J,VS2,5
573,574,0.7,Good,2,F,SI1,3
574,575,0.4,Premium,4,E,SI1,3
575,576,0.33,Ideal,5,G,SI2,2
576,577,0.9,Very Good,3,F,SI2,2
577,578,0.31,Ideal,5,F,VS2,5
578,579,1.15,Ideal,5,D,VS2,5
579,580,1.01,Ideal,5,D,VVS2,6
580,581,0.42,Ideal,5,G,VS1,4
581,582,0.91,Ideal,5,J,VS1,4
582,583,1.26,Premium,4,I,SI1,3
583,584,1.28,Ideal,5,G,VS1,4
584,585,1.17,Ideal,5,G,VVS2,6
585,586,1.02,Premium,4,G,SI2,2
586,587,0.57,Ideal,5,E,VS2,5
587,588,0.91,Very Good,3,I,VS2,5
588,589,1.0,Ideal,5,I,VS2,5
589,590,0.7,Good,2,D,VS1,4
590,591,1.14,Very Good,3,D,VS2,5
591,592,0.9,Very Good,3,F,SI2,2
592,593,0.3,Ideal,5,G,IF,8
593,594,0.27,Ideal,5,E,VS1,4
594,595,0.34,Ideal,5,I,IF,8
595,596,0.33,Ideal,5,G,IF,8
596,597,2.0,Ideal,5,G,SI2,2
597,598,0.7,Premium,4,G,VS2,5
598,599,0.37,Good,2,F,VS2,5
599,600,0.73,Ideal,5,D,VS2,5
600,601,0.38,Ideal,5,E,SI1,3
601,602,1.0,Premium,4,I,VS1,4
602,603,0.39,Premium,4,G,IF,8
603,604,0.51,Premium,4,E,VS2,5
604,605,0.7,Very Good,3,F,SI1,3
605,606,1.11,Good,2,H,SI2,2
606,607,0.34,Ideal,5,E,VVS1,7
607,608,1.25,Ideal,5,J,SI1,3
608,609,0.52,Ideal,5,J,SI1,3
609,610,1.0,Very Good,3,H,SI2,2
610,611,0.33,Ideal,5,F,VVS1,7
611,612,1.8,Ideal,5,D,SI2,2
612,613,0.3,Good,2,H,VS1,4
613,614,0.7,Very Good,3,E,VS1,4
614,615,1.08,Ideal,5,G,VS2,5
615,616,0.61,Good,2,G,I1,1
616,617,1.1,Premium,4,G,VS2,5
617,618,0.41,Premium,4,F,VS2,5
618,619,0.33,Very Good,3,G,VS2,5
619,620,0.5,Premium,4,J,SI1,3
620,621,0.38,Premium,4,D,VS1,4
621,622,2.01,Ideal,5,H,SI2,2
622,623,0.42,Ideal,5,D,SI1,3
623,624,1.52,Ideal,5,G,SI1,3
624,625,0.53,Ideal,5,E,VS1,4
625,626,0.7,Very Good,3,E,IF,8
626,627,0.72,Ideal,5,G,VS2,5
627,628,0.9,Very Good,3,E,SI1,3
628,629,1.22,Ideal,5,I,SI1,3
629,630,0.25,Very Good,3,F,VVS1,7
630,631,2.03,Ideal,5,I,VS2,5
631,632,1.02,Ideal,5,G,SI2,2
632,633,0.74,Ideal,5,J,VS1,4
633,634,1.24,Premium,4,H,SI1,3
634,635,1.15,Premium,4,G,SI2,2
635,636,2.01,Premium,4,I,SI2,2
636,637,0.71,Premium,4,F,IF,8
637,638,0.56,Ideal,5,D,SI2,2
638,639,1.01,Ideal,5,H,SI1,3
639,640,0.31,Ideal,5,F,IF,8
640,641,1.19,Ideal,5,D,SI2,2
641,642,0.5,Ideal,5,D,VS2,5
642,643,1.02,Premium,4,G,SI1,3
643,644,0.38,Premium,4,E,SI1,3
644,645,0.41,Ideal,5,F,VVS2,6
645,646,1.52,Ideal,5,D,SI2,2
646,647,1.22,Ideal,5,G,VS2,5
647,648,0.53,Ideal,5,D,VS2,5
648,649,0.4,Very Good,3,D,SI1,3
649,650,0.33,Premium,4,D,SI1,3
650,651,0.31,Ideal,5,H,VS1,4
651,652,1.14,Premium,4,D,SI1,3
652,653,1.32,Premium,4,I,SI2,2
653,654,0.23,Very Good,3,F,VVS1,7
654,655,0.41,Very Good,3,G,VVS2,6
655,656,2.24,Ideal,5,I,SI2,2
656,657,0.55,Ideal,5,D,VS2,5
657,658,2.32,Fair,1,H,SI1,3
658,659,1.25,Ideal,5,J,VS2,5
659,660,0.31,Ideal,5,F,SI1,3
660,661,2.01,Fair,1,H,VS2,5
661,662,0.55,Ideal,5,E,SI1,3
662,663,0.7,Very Good,3,E,VVS2,6
663,664,1.51,Good,2,D,VS1,4
664,665,0.31,Ideal,5,F,VVS1,7
665,666,0.95,Ideal,5,H,SI1,3
666,667,0.24,Ideal,5,G,VS1,4
667,668,0.4,Premium,4,D,SI2,2
668,669,1.25,Premium,4,H,SI2,2
669,670,0.24,Very Good,3,E,VVS1,7
670,671,0.83,Ideal,5,F,SI1,3
671,672,1.01,Very Good,3,G,VS2,5
672,673,0.27,Very Good,3,F,VVS1,7
673,674,1.1,Ideal,5,F,VS1,4
674,675,0.3,Premium,4,G,VVS2,6
675,676,0.52,Ideal,5,E,SI1,3
676,677,0.4,Ideal,5,G,IF,8
677,678,1.3,Premium,4,H,SI1,3
678,679,1.71,Ideal,5,G,VS1,4
679,680,0.52,Ideal,5,D,VS2,5
680,681,0.33,Ideal,5,H,VVS1,7
681,682,1.0,Very Good,3,E,VVS2,6
682,683,0.5,Premium,4,F,VS1,4
683,684,0.91,Very Good,3,F,SI1,3
684,685,1.21,Ideal,5,G,VS1,4
685,686,0.51,Ideal,5,D,VS2,5
686,687,0.41,Premium,4,G,VVS2,6
687,688,0.94,Very Good,3,F,SI2,2
688,689,0.31,Premium,4,G,SI1,3
689,690,0.4,Ideal,5,D,VS2,5
690,691,1.12,Ideal,5,G,SI1,3
691,692,1.0,Good,2,E,SI1,3
692,693,1.48,Premium,4,H,SI2,2
693,694,0.32,Ideal,5,G,SI1,3
694,695,0.76,Good,2,G,IF,8
695,696,0.42,Ideal,5,D,SI1,3
696,697,0.5,Good,2,E,SI1,3
697,698,0.83,Very Good,3,J,VS2,5
698,699,0.32,Very Good,3,G,VS1,4
699,700,0.7,Ideal,5,H,VS1,4
700,701,0.73,Ideal,5,D,VS1,4
701,702,0.71,Very Good,3,D,VS1,4
702,703,0.35,Premium,4,F,SI1,3
703,704,0.42,Premium,4,H,SI1,3
704,705,0.81,Ideal,5,E,VS2,5
705,706,0.32,Ideal,5,E,VS2,5
706,707,0.85,Premium,4,I,I1,1
707,708,0.71,Good,2,F,SI1,3
708,709,0.32,Very Good,3,H,VVS2,6
709,710,1.09,Premium,4,H,SI1,3
710,711,0.35,Premium,4,D,VS2,5
711,712,0.82,Premium,4,G,SI2,2
712,713,1.03,Premium,4,H,SI1,3
713,714,0.5,Fair,1,H,VS1,4
714,715,0.8,Ideal,5,H,VS2,5
715,716,1.12,Premium,4,J,SI2,2
716,717,1.62,Premium,4,G,VS2,5
717,718,1.22,Ideal,5,H,SI1,3
718,719,0.52,Ideal,5,F,VVS1,7
719,720,1.11,Good,2,I,VS2,5
720,721,0.31,Very Good,3,F,SI1,3
721,722,0.42,Ideal,5,D,VS1,4
722,723,0.32,Ideal,5,H,VS2,5
723,724,0.9,Very Good,3,F,SI1,3
724,725,1.04,Ideal,5,H,SI1,3
725,726,0.35,Ideal,5,D,VS2,5
726,727,0.5,Fair,1,E,VS2,5
727,728,0.36,Very Good,3,D,SI1,3
728,729,0.3,Premium,4,D,SI2,2
729,730,0.7,Very Good,3,E,SI1,3
730,731,0.41,Very Good,3,G,VS1,4
731,732,0.4,Premium,4,D,VS2,5
732,733,1.1,Premium,4,E,SI2,2
733,734,0.74,Very Good,3,E,SI2,2
734,735,0.51,Ideal,5,F,VS2,5
735,736,0.27,Very Good,3,F,VVS1,7
736,737,1.01,Ideal,5,G,VS2,5
737,738,1.37,Very Good,3,I,SI2,2
738,739,1.01,Premium,4,H,SI1,3
739,740,0.39,Fair,1,E,SI1,3
740,741,0.51,Premium,4,E,SI1,3
741,742,0.5,Premium,4,G,VVS2,6
742,743,1.55,Ideal,5,G,SI2,2
743,744,0.3,Ideal,5,F,IF,8
744,745,2.0,Premium,4,D,SI2,2
745,746,0.35,Premium,4,J,VS1,4
746,747,0.33,Ideal,5,D,VS2,5
747,748,1.0,Very Good,3,G,VS2,5
748,749,0.93,Good,2,G,SI2,2
749,750,0.25,Premium,4,E,VVS2,6
750,751,0.7,Good,2,E,SI1,3
751,752,1.01,Ideal,5,F,VS2,5
752,753,0.53,Premium,4,E,VVS2,6
753,754,1.51,Premium,4,G,VS2,5
754,755,0.23,Very Good,3,F,VS1,4
755,756,0.38,Premium,4,F,VS2,5
756,757,0.3,Good,2,G,VVS2,6
757,758,0.3,Ideal,5,G,VS1,4
758,759,1.01,Good,2,I,SI1,3
759,760,0.8,Premium,4,E,SI1,3
760,761,0.7,Ideal,5,E,VS1,4
761,762,0.7,Good,2,G,VS1,4
762,763,1.26,Ideal,5,I,SI2,2
763,764,1.09,Ideal,5,G,VVS2,6
764,765,1.0,Very Good,3,I,SI2,2
765,766,0.6,Ideal,5,E,VS1,4
766,767,0.32,Premium,4,H,SI1,3
767,768,0.41,Ideal,5,D,VVS2,6
768,769,0.32,Premium,4,F,VS2,5
769,770,0.4,Very Good,3,E,VS1,4
770,771,3.0,Very Good,3,H,I1,1
771,772,0.56,Premium,4,E,VS2,5
772,773,0.9,Good,2,D,SI2,2
773,774,0.36,Ideal,5,H,VVS1,7
774,775,0.31,Very Good,3,E,VS2,5
775,776,1.19,Very Good,3,H,SI1,3
776,777,0.56,Ideal,5,G,VVS1,7
777,778,0.7,Premium,4,F,VS2,5
778,779,0.71,Premium,4,I,VVS1,7
779,780,0.52,Very Good,3,G,VVS1,7
780,781,0.33,Premium,4,D,SI2,2
781,782,0.34,Ideal,5,F,VS2,5
782,783,1.19,Very Good,3,D,VVS1,7
783,784,0.4,Premium,4,D,VS1,4
784,785,1.07,Very Good,3,G,VS2,5
785,786,1.61,Ideal,5,G,VS2,5
786,787,1.0,Premium,4,E,VS1,4
787,788,1.07,Ideal,5,G,SI1,3
788,789,0.41,Ideal,5,F,VS2,5
789,790,2.03,Premium,4,D,SI2,2
790,791,0.58,Ideal,5,J,VS1,4
791,792,0.8,Very Good,3,F,SI1,3
792,793,0.32,Ideal,5,H,VS2,5
793,794,0.7,Ideal,5,D,SI1,3
794,795,0.79,Premium,4,H,SI1,3
795,796,0.93,Very Good,3,I,VS2,5
796,797,0.37,Very Good,3,F,VS2,5
797,798,0.41,Premium,4,E,VS2,5
798,799,0.31,Ideal,5,D,SI2,2
799,800,0.7,Ideal,5,E,VS2,5
800,801,0.53,Ideal,5,D,VS2,5
801,802,0.3,Very Good,3,H,VS2,5
802,803,0.95,Very Good,3,E,SI2,2
803,804,0.41,Premium,4,F,VVS2,6
804,805,1.34,Premium,4,G,SI2,2
805,806,1.0,Very Good,3,D,SI1,3
806,807,0.42,Premium,4,D,VS1,4
807,808,0.41,Premium,4,E,VS1,4
808,809,0.5,Ideal,5,G,VVS1,7
809,810,0.46,Premium,4,I,SI2,2
810,811,0.35,Ideal,5,G,IF,8
811,812,0.82,Ideal,5,D,VS2,5
812,813,2.48,Very Good,3,F,SI2,2
813,814,0.35,Premium,4,J,VS1,4
814,815,1.52,Premium,4,D,SI2,2
815,816,1.07,Ideal,5,F,VVS2,6
816,817,0.61,Ideal,5,E,SI2,2
817,818,0.39,Very Good,3,G,VVS2,6
818,819,0.71,Premium,4,G,SI2,2
819,820,0.51,Fair,1,F,SI1,3
820,821,1.67,Ideal,5,D,SI1,3
821,822,1.0,Premium,4,G,I1,1
822,823,0.3,Good,2,F,VS2,5
823,824,1.22,Very Good,3,H,SI1,3
824,825,0.72,Ideal,5,F,VS2,5
825,826,0.94,Premium,4,E,SI1,3
826,827,0.51,Ideal,5,D,SI2,2
827,828,1.01,Very Good,3,J,SI1,3
828,829,0.41,Premium,4,F,SI2,2
829,830,0.3,Very Good,3,E,SI1,3
830,831,1.11,Premium,4,I,SI2,2
831,832,0.5,Ideal,5,E,SI1,3
832,833,1.2,Good,2,J,VS2,5
833,834,0.56,Ideal,5,H,SI1,3
834,835,0.9,Premium,4,D,SI1,3
835,836,1.0,Fair,1,I,VS1,4
836,837,0.35,Ideal,5,I,VS1,4
837,838,0.31,Ideal,5,D,VS2,5
838,839,0.71,Very Good,3,E,VS2,5
839,840,0.3,Premium,4,G,VVS2,6
840,841,0.3,Ideal,5,E,VS1,4
841,842,1.0,Very Good,3,E,IF,8
842,843,0.3,Premium,4,G,VVS2,6
843,844,1.48,Ideal,5,E,SI2,2
844,845,1.5,Ideal,5,I,SI1,3
845,846,2.35,Premium,4,I,SI2,2
846,847,0.5,Good,2,D,SI1,3
847,848,0.38,Ideal,5,E,SI2,2
848,849,1.06,Ideal,5,G,VS1,4
849,850,0.33,Ideal,5,G,VS2,5
850,851,0.7,Fair,1,F,I1,1
851,852,0.3,Ideal,5,D,VS2,5
852,853,1.5,Good,2,I,SI2,2
853,854,0.34,Very Good,3,G,VVS1,7
854,855,0.59,Premium,4,D,VS1,4
855,856,0.81,Premium,4,G,SI1,3
856,857,0.55,Ideal,5,G,VVS2,6
857,858,0.31,Ideal,5,E,VS1,4
858,859,0.91,Good,2,G,VS2,5
859,860,0.4,Premium,4,H,SI1,3
860,861,0.81,Ideal,5,E,VS2,5
861,862,0.31,Ideal,5,F,IF,8
862,863,1.1,Premium,4,H,SI1,3
863,864,0.31,Very Good,3,H,VVS2,6
864,865,0.45,Ideal,5,G,VVS1,7
865,866,0.32,Ideal,5,D,VS2,5
866,867,0.32,Ideal,5,G,IF,8
867,868,0.31,Premium,4,J,SI1,3
868,869,1.0,Very Good,3,F,SI2,2
869,870,2.02,Premium,4,I,SI2,2
870,871,2.01,Premium,4,H,SI2,2
871,872,1.02,Very Good,3,F,SI1,3
872,873,1.16,Ideal,5,H,SI2,2
873,874,0.77,Very Good,3,H,SI1,3
874,875,0.59,Premium,4,I,IF,8
875,876,0.34,Premium,4,D,SI2,2
876,877,0.3,Good,2,I,IF,8
877,878,0.58,Ideal,5,I,SI1,3
878,879,0.52,Very Good,3,H,VS1,4
879,880,0.33,Premium,4,G,VVS1,7
880,881,1.38,Ideal,5,F,SI2,2
881,882,0.71,Ideal,5,F,SI2,2
882,883,0.96,Fair,1,F,SI2,2
883,884,1.02,Ideal,5,E,VVS1,7
884,885,0.53,Good,2,E,VS2,5
885,886,0.9,Premium,4,D,SI2,2
886,887,0.34,Fair,1,F,I1,1
887,888,0.36,Very Good,3,H,VS2,5
888,889,0.83,Very Good,3,F,VS1,4
889,890,1.3,Premium,4,I,IF,8
890,891,1.02,Ideal,5,E,SI1,3
891,892,0.34,Ideal,5,E,VVS2,6
892,893,0.54,Good,2,G,VS1,4
893,894,0.56,Premium,4,G,VS1,4
894,895,2.37,Ideal,5,J,VS2,5
895,896,1.15,Ideal,5,H,SI2,2
896,897,0.4,Ideal,5,H,VS1,4
897,898,1.59,Ideal,5,G,VVS2,6
898,899,1.42,Very Good,3,G,VVS2,6
899,900,0.31,Ideal,5,E,VVS2,6
900,901,0.57,Ideal,5,F,IF,8
901,902,0.7,Premium,4,I,VS2,5
902,903,0.41,Very Good,3,H,SI1,3
903,904,0.55,Very Good,3,E,SI1,3
904,905,1.01,Ideal,5,D,VS2,5
905,906,0.24,Very Good,3,E,VVS2,6
906,907,0.3,Very Good,3,E,SI1,3
907,908,1.13,Ideal,5,F,SI1,3
908,909,0.72,Premium,4,H,SI1,3
909,910,0.52,Ideal,5,D,SI2,2
910,911,1.0,Very Good,3,D,SI1,3
911,912,0.47,Very Good,3,D,VS1,4
912,913,0.41,Ideal,5,D,SI2,2
913,914,0.51,Premium,4,G,SI1,3
914,915,1.0,Very Good,3,F,SI1,3
915,916,1.55,Good,2,H,VS2,5
916,917,0.71,Very Good,3,G,VS2,5
917,918,1.21,Ideal,5,G,VS2,5
918,919,1.95,Very Good,3,H,VS2,5
919,920,1.51,Premium,4,G,SI1,3
920,921,0.3,Premium,4,D,VS2,5
921,922,0.72,Very Good,3,D,VS2,5
922,923,0.31,Ideal,5,E,VVS2,6
923,924,0.53,Ideal,5,D,VS2,5
924,925,0.71,Very Good,3,G,SI2,2
925,926,1.07,Ideal,5,G,SI1,3
926,927,0.24,Very Good,3,E,VS1,4
927,928,1.0,Very Good,3,F,IF,8
928,929,0.55,Ideal,5,G,VS1,4
929,930,0.52,Ideal,5,E,VS2,5
930,931,0.72,Ideal,5,G,SI2,2
931,932,0.9,Good,2,G,SI1,3
932,933,0.41,Ideal,5,F,VS2,5
933,934,0.33,Ideal,5,G,SI1,3
934,935,0.56,Very Good,3,H,VS1,4
935,936,1.01,Very Good,3,F,SI2,2
936,937,0.46,Premium,4,F,VVS1,7
937,938,1.01,Very Good,3,I,SI1,3
938,939,0.3,Ideal,5,F,VS2,5
939,940,0.3,Premium,4,G,VS1,4
940,941,2.02,Very Good,3,H,SI2,2
941,942,0.32,Ideal,5,E,VVS2,6
942,943,0.35,Premium,4,I,VS1,4
943,944,0.34,Ideal,5,D,SI1,3
944,945,0.6,Ideal,5,G,VS1,4
945,946,0.41,Premium,4,I,VVS2,6
946,947,1.01,Fair,1,G,VS1,4
947,948,0.54,Ideal,5,H,VVS1,7
948,949,1.01,Premium,4,E,SI2,2
949,950,0.3,Ideal,5,H,VVS1,7
950,951,1.06,Premium,4,F,I1,1
951,952,0.7,Very Good,3,F,VS2,5
952,953,1.53,Very Good,3,F,SI1,3
953,954,0.82,Very Good,3,D,SI1,3
954,955,0.32,Ideal,5,G,VVS1,7
955,956,0.27,Very Good,3,F,VS1,4
956,957,0.8,Ideal,5,F,VS2,5
957,958,1.11,Ideal,5,G,VS1,4
958,959,0.71,Premium,4,G,VS2,5
959,960,0.61,Very Good,3,F,SI2,2
960,961,1.31,Very Good,3,F,VS1,4
961,962,0.71,Very Good,3,G,SI1,3
962,963,0.9,Premium,4,E,SI2,2
963,964,0.9,Premium,4,E,VS2,5
964,965,0.74,Ideal,5,E,VS2,5
965,966,0.3,Good,2,I,VS1,4
966,967,1.0,Very Good,3,F,VS1,4
967,968,0.3,Ideal,5,E,VS2,5
968,969,0.39,Good,2,E,VVS2,6
969,970,0.51,Premium,4,F,SI1,3
970,971,0.81,Ideal,5,E,SI2,2
971,972,1.62,Ideal,5,I,VS2,5
972,973,1.62,Premium,4,F,SI2,2
973,974,0.57,Very Good,3,E,VS2,5
974,975,0.33,Ideal,5,G,VVS1,7
975,976,0.42,Ideal,5,E,VS2,5
976,977,1.51,Premium,4,J,VS2,5
977,978,0.31,Ideal,5,D,VS2,5
978,979,1.01,Very Good,3,G,SI1,3
979,980,0.41,Good,2,E,VVS1,7
980,981,0.7,Premium,4,F,SI1,3
981,982,0.9,Good,2,H,SI2,2
982,983,1.75,Good,2,D,SI1,3
983,984,0.36,Ideal,5,F,SI1,3
984,985,0.31,Ideal,5,F,IF,8
985,986,0.8,Very Good,3,D,SI1,3
986,987,0.32,Good,2,E,VS1,4
987,988,1.01,Good,2,F,VS2,5
988,989,0.72,Premium,4,I,SI1,3
989,990,0.71,Very Good,3,G,VS2,5
990,991,1.09,Ideal,5,E,SI2,2
991,992,0.63,Very Good,3,G,VS1,4
992,993,0.51,Ideal,5,D,VS1,4
993,994,1.01,Very Good,3,G,VS2,5
994,995,1.59,Premium,4,H,SI2,2
995,996,0.54,Premium,4,F,VS1,4
996,997,0.28,Very Good,3,G,VVS2,6
997,998,0.54,Very Good,3,G,VVS1,7
998,999,1.52,Ideal,5,H,SI1,3
999,1000,1.13,Ideal,5,I,VS2,5
1000,1001,1.07,Ideal,5,G,VS2,5
1001,1002,0.31,Ideal,5,H,VS2,5
1002,1003,0.7,Ideal,5,G,VS2,5
1003,1004,0.33,Ideal,5,H,VVS1,7
1004,1005,1.65,Fair,1,J,SI1,3
1005,1006,0.54,Ideal,5,G,VVS2,6
1006,1007,0.71,Very Good,3,F,VS2,5
1007,1008,0.7,Very Good,3,G,VS2,5
1008,1009,2.05,Premium,4,H,VS2,5
1009,1010,1.0,Good,2,G,SI1,3
1010,1011,1.65,Ideal,5,G,VS2,5
1011,1012,0.37,Good,2,H,VS2,5
1012,1013,1.15,Premium,4,E,SI2,2
1013,1014,0.57,Ideal,5,H,VS2,5
1014,1015,0.72,Very Good,3,J,SI1,3
1015,1016,0.71,Ideal,5,D,SI1,3
1016,1017,0.7,Very Good,3,F,SI1,3
1017,1018,1.38,Very Good,3,F,VS1,4
1018,1019,0.73,Ideal,5,E,VVS2,6
1019,1020,0.39,Very Good,3,E,VVS2,6
1020,1021,2.14,Premium,4,D,SI2,2
1021,1022,1.12,Very Good,3,E,VS2,5
1022,1023,0.36,Very Good,3,D,SI1,3
1023,1024,0.42,Very Good,3,D,VS1,4
1024,1025,0.5,Ideal,5,I,SI1,3
1025,1026,2.0,Premium,4,J,VS2,5
1026,1027,0.3,Premium,4,F,VS2,5
1027,1028,1.35,Premium,4,H,VS1,4
1028,1029,1.57,Premium,4,G,SI1,3
1029,1030,0.31,Premium,4,G,VS2,5
1030,1031,0.33,Premium,4,E,VS2,5
1031,1032,1.02,Premium,4,H,SI1,3
1032,1033,1.01,Premium,4,G,VS2,5
1033,1034,0.83,Ideal,5,H,SI2,2
1034,1035,0.43,Very Good,3,G,SI1,3
1035,1036,1.2,Premium,4,H,SI2,2
1036,1037,1.01,Ideal,5,E,VS2,5
1037,1038,1.23,Ideal,5,I,SI2,2
1038,1039,0.53,Ideal,5,I,SI1,3
1039,1040,1.0,Ideal,5,H,SI2,2
1040,1041,0.4,Very Good,3,E,IF,8
1041,1042,0.71,Premium,4,J,VVS2,6
1042,1043,1.33,Very Good,3,H,SI2,2
1043,1044,0.43,Very Good,3,G,SI2,2
1044,1045,0.31,Very Good,3,G,VS1,4
1045,1046,1.21,Ideal,5,J,SI1,3
1046,1047,1.55,Premium,4,I,VS2,5
1047,1048,0.8,Ideal,5,F,VS2,5
1048,1049,0.71,Good,2,I,SI1,3
1049,1050,0.46,Fair,1,G,VS2,5
1050,1051,0.3,Ideal,5,I,SI1,3
1051,1052,1.21,Good,2,J,VVS2,6
1052,1053,2.14,Ideal,5,I,SI2,2
1053,1054,0.7,Good,2,I,SI2,2
1054,1055,1.03,Ideal,5,H,SI1,3
1055,1056,1.06,Very Good,3,E,SI1,3
1056,1057,1.41,Ideal,5,J,VS1,4
1057,1058,0.3,Premium,4,H,VS1,4
1058,1059,0.79,Very Good,3,I,SI1,3
1059,1060,0.37,Good,2,H,SI1,3
1060,1061,0.62,Premium,4,G,SI1,3
1061,1062,0.7,Very Good,3,I,VS2,5
1062,1063,0.39,Very Good,3,E,VVS2,6
1063,1064,1.12,Premium,4,G,VVS2,6
1064,1065,1.14,Very Good,3,E,IF,8
1065,1066,0.9,Ideal,5,H,VS1,4
1066,1067,0.5,Very Good,3,D,SI2,2
1067,1068,0.75,Ideal,5,D,SI2,2
1068,1069,0.38,Ideal,5,F,VVS2,6
1069,1070,1.07,Good,2,J,VS2,5
1070,1071,0.34,Very Good,3,D,SI2,2
1071,1072,1.25,Ideal,5,E,SI2,2
1072,1073,0.9,Fair,1,F,SI1,3
1073,1074,2.74,Very Good,3,J,SI2,2
1074,1075,0.71,Very Good,3,E,VS2,5
1075,1076,0.33,Ideal,5,G,VS1,4
1076,1077,0.91,Very Good,3,H,VS2,5
1077,1078,0.33,Very Good,3,G,VVS2,6
1078,1079,0.4,Very Good,3,E,SI1,3
1079,1080,1.11,Premium,4,F,SI1,3
1080,1081,0.24,Good,2,F,VVS1,7
1081,1082,1.01,Very Good,3,G,SI1,3
1082,1083,0.31,Very Good,3,H,VS1,4
1083,1084,0.34,Very Good,3,F,VVS2,6
1084,1085,0.64,Ideal,5,E,VS1,4
1085,1086,1.01,Very Good,3,F,SI2,2
1086,1087,0.7,Very Good,3,F,SI1,3
1087,1088,1.11,Very Good,3,J,SI1,3
1088,1089,0.7,Very Good,3,E,VS1,4
1089,1090,0.43,Ideal,5,G,VS1,4
1090,1091,0.91,Ideal,5,G,VS1,4
1091,1092,0.94,Very Good,3,D,SI2,2
1092,1093,0.3,Premium,4,G,IF,8
1093,1094,0.31,Ideal,5,D,VS2,5
1094,1095,1.51,Very Good,3,G,VS2,5
1095,1096,1.04,Premium,4,D,VS1,4
1096,1097,0.38,Ideal,5,H,VS1,4
1097,1098,1.01,Good,2,F,VS2,5
1098,1099,0.5,Fair,1,G,VS1,4
1099,1100,0.52,Ideal,5,G,SI2,2
1100,1101,1.05,Ideal,5,J,VS1,4
1101,1102,1.54,Ideal,5,G,VVS2,6
1102,1103,1.0,Premium,4,I,VS1,4
1103,1104,1.52,Very Good,3,H,SI1,3
1104,1105,1.12,Very Good,3,F,SI1,3
1105,1106,0.73,Ideal,5,G,VS1,4
1106,1107,1.08,Good,2,G,SI2,2
1107,1108,0.36,Ideal,5,F,VS2,5
1108,1109,1.01,Ideal,5,F,VS1,4
1109,1110,0.55,Ideal,5,H,SI1,3
1110,1111,0.9,Good,2,G,VS2,5
1111,1112,0.43,Ideal,5,G,VVS1,7
1112,1113,0.54,Ideal,5,I,SI2,2
1113,1114,0.6,Premium,4,E,SI1,3
1114,1115,1.2,Premium,4,H,SI1,3
1115,1116,0.53,Good,2,F,VVS2,6
1116,1117,3.01,Fair,1,H,I1,1
1117,1118,0.58,Ideal,5,H,SI1,3
1118,1119,0.63,Ideal,5,D,SI1,3
1119,1120,0.52,Premium,4,I,VVS1,7
1120,1121,1.07,Very Good,3,G,VS1,4
1121,1122,0.3,Very Good,3,G,VVS1,7
1122,1123,1.13,Good,2,F,SI2,2
1123,1124,0.51,Good,2,H,VS2,5
1124,1125,0.23,Good,2,E,VVS2,6
1125,1126,0.46,Ideal,5,E,VVS1,7
1126,1127,0.33,Ideal,5,E,SI1,3
1127,1128,2.05,Premium,4,E,SI2,2
1128,1129,0.3,Very Good,3,H,VS1,4
1129,1130,0.69,Fair,1,G,VS1,4
1130,1131,0.3,Ideal,5,F,IF,8
1131,1132,0.41,Ideal,5,D,SI2,2
1132,1133,0.9,Ideal,5,G,SI2,2
1133,1134,0.41,Premium,4,F,VS1,4
1134,1135,1.01,Very Good,3,E,VS2,5
1135,1136,0.57,Very Good,3,G,SI1,3
1136,1137,1.22,Very Good,3,H,VS1,4
1137,1138,0.31,Premium,4,F,I1,1
1138,1139,0.73,Ideal,5,E,VS2,5
1139,1140,0.53,Ideal,5,G,VS2,5
1140,1141,0.3,Very Good,3,D,VS2,5
1141,1142,0.53,Very Good,3,D,VS1,4
1142,1143,0.71,Very Good,3,H,SI1,3
1143,1144,0.54,Premium,4,E,VS2,5
1144,1145,0.41,Premium,4,E,VS1,4
1145,1146,0.9,Ideal,5,E,SI2,2
1146,1147,1.03,Very Good,3,F,SI2,2
1147,1148,1.08,Premium,4,F,SI1,3
1148,1149,0.32,Premium,4,D,VVS1,7
1149,1150,0.43,Good,2,E,SI1,3
1150,1151,0.7,Ideal,5,H,SI1,3
1151,1152,0.74,Ideal,5,F,VVS1,7
1152,1153,1.5,Premium,4,G,VVS2,6
1153,1154,0.34,Ideal,5,F,VVS1,7
1154,1155,0.57,Ideal,5,G,VS1,4
1155,1156,1.0,Good,2,F,SI1,3
1156,1157,0.7,Ideal,5,F,VS2,5
1157,1158,1.01,Ideal,5,E,SI1,3
1158,1159,0.25,Premium,4,H,VVS1,7
1159,1160,0.53,Ideal,5,E,VVS1,7
1160,1161,0.96,Very Good,3,E,VS2,5
1161,1162,1.25,Ideal,5,H,VS2,5
1162,1163,0.73,Ideal,5,E,SI2,2
1163,1164,0.34,Very Good,3,E,SI1,3
1164,1165,0.74,Premium,4,D,SI1,3
1165,1166,1.11,Very Good,3,H,SI1,3
1166,1167,0.54,Ideal,5,E,VVS2,6
1167,1168,0.95,Very Good,3,G,VS1,4
1168,1169,0.41,Ideal,5,I,VVS1,7
1169,1170,0.28,Very Good,3,H,VVS1,7
1170,1171,0.34,Premium,4,H,VVS1,7
1171,1172,1.64,Premium,4,G,VS2,5
1172,1173,0.71,Ideal,5,I,IF,8
1173,1174,0.74,Very Good,3,D,VS2,5
1174,1175,0.74,Ideal,5,G,VVS2,6
1175,1176,0.6,Premium,4,H,SI1,3
1176,1177,0.44,Ideal,5,D,VS1,4
1177,1178,0.79,Very Good,3,F,SI1,3
1178,1179,0.58,Ideal,5,I,SI1,3
1179,1180,1.0,Good,2,E,VVS2,6
1180,1181,0.34,Ideal,5,G,VS1,4
1181,1182,0.31,Premium,4,F,VVS1,7
1182,1183,0.31,Good,2,E,SI1,3
1183,1184,1.81,Very Good,3,I,VS1,4
1184,1185,0.3,Premium,4,G,VS1,4
1185,1186,2.19,Premium,4,J,SI2,2
1186,1187,0.91,Ideal,5,G,SI2,2
1187,1188,0.37,Ideal,5,G,VS2,5
1188,1189,1.57,Premium,4,G,VS2,5
1189,1190,1.0,Premium,4,I,SI2,2
1190,1191,1.09,Ideal,5,H,SI1,3
1191,1192,0.31,Good,2,I,VS1,4
1192,1193,0.5,Very Good,3,D,VS2,5
1193,1194,0.41,Premium,4,E,VS1,4
1194,1195,1.23,Ideal,5,H,SI1,3
1195,1196,1.09,Premium,4,I,SI1,3
1196,1197,0.4,Ideal,5,I,VS1,4
1197,1198,0.42,Ideal,5,J,VS1,4
1198,1199,1.02,Ideal,5,G,SI1,3
1199,1200,1.0,Very Good,3,F,SI2,2
1200,1201,0.26,Very Good,3,G,VS2,5
1201,1202,0.23,Good,2,G,VVS1,7
1202,1203,0.46,Premium,4,I,IF,8
1203,1204,0.4,Good,2,E,SI2,2
1204,1205,2.05,Ideal,5,G,SI2,2
1205,1206,0.41,Ideal,5,E,VVS1,7
1206,1207,2.03,Ideal,5,J,VS2,5
1207,1208,2.28,Ideal,5,I,SI2,2
1208,1209,0.72,Very Good,3,F,VVS1,7
1209,1210,1.52,Good,2,I,VS2,5
1210,1211,1.51,Premium,4,F,VS2,5
1211,1212,1.14,Very Good,3,J,SI1,3
1212,1213,0.51,Ideal,5,F,VS1,4
1213,1214,0.3,Ideal,5,I,SI2,2
1214,1215,0.31,Premium,4,G,VS2,5
1215,1216,1.5,Very Good,3,D,SI1,3
1216,1217,0.52,Ideal,5,E,VS2,5
1217,1218,0.7,Fair,1,D,SI1,3
1218,1219,0.3,Ideal,5,E,VVS1,7
1219,1220,0.5,Fair,1,F,SI1,3
1220,1221,1.54,Premium,4,H,VS2,5
1221,1222,1.2,Ideal,5,D,SI1,3
1222,1223,0.79,Very Good,3,E,SI2,2
1223,1224,1.2,Good,2,E,VS2,5
1224,1225,2.01,Premium,4,E,SI1,3
1225,1226,0.72,Very Good,3,H,VS1,4
1226,1227,1.1,Very Good,3,E,SI2,2
1227,1228,0.23,Very Good,3,E,VVS2,6
1228,1229,0.94,Ideal,5,F,I1,1
1229,1230,2.16,Very Good,3,H,SI2,2
1230,1231,0.27,Very Good,3,E,VVS2,6
1231,1232,0.35,Ideal,5,E,SI1,3
1232,1233,0.38,Ideal,5,G,VS1,4
1233,1234,1.21,Very Good,3,F,VS1,4
1234,1235,0.3,Premium,4,E,VVS2,6
1235,1236,0.56,Ideal,5,D,VS2,5
1236,1237,0.3,Good,2,H,SI2,2
1237,1238,1.01,Premium,4,D,SI1,3
1238,1239,0.34,Ideal,5,D,VS2,5
1239,1240,0.32,Premium,4,E,VVS1,7
1240,1241,1.01,Very Good,3,D,SI2,2
1241,1242,0.31,Premium,4,E,SI1,3
1242,1243,0.51,Ideal,5,G,SI1,3
1243,1244,0.36,Premium,4,E,VS1,4
1244,1245,0.5,Premium,4,D,SI1,3
1245,1246,0.21,Premium,4,E,SI2,2
1246,1247,0.9,Very Good,3,H,SI1,3
1247,1248,1.03,Premium,4,E,SI2,2
1248,1249,0.37,Ideal,5,F,SI1,3
1249,1250,0.5,Premium,4,F,SI1,3
1250,1251,1.01,Very Good,3,G,VS1,4
1251,1252,0.84,Good,2,G,VS2,5
1252,1253,0.76,Very Good,3,G,VS2,5
1253,1254,0.23,Very Good,3,E,VVS1,7
1254,1255,1.03,Premium,4,H,VS2,5
1255,1256,0.9,Good,2,I,VS2,5
1256,1257,0.32,Ideal,5,F,VVS1,7
1257,1258,0.55,Ideal,5,F,VS2,5
1258,1259,1.55,Premium,4,G,SI1,3
1259,1260,0.35,Ideal,5,D,VS2,5
1260,1261,1.51,Very Good,3,G,VS1,4
1261,1262,0.38,Ideal,5,F,VS2,5
1262,1263,0.33,Very Good,3,I,VVS2,6
1263,1264,0.31,Ideal,5,G,IF,8
1264,1265,0.3,Ideal,5,F,VS2,5
1265,1266,1.22,Ideal,5,H,VS1,4
1266,1267,0.4,Premium,4,F,VS1,4
1267,1268,1.51,Very Good,3,J,I1,1
1268,1269,1.01,Good,2,F,SI2,2
1269,1270,0.51,Good,2,E,SI1,3
1270,1271,0.32,Premium,4,F,VVS1,7
1271,1272,1.28,Ideal,5,H,SI2,2
1272,1273,0.33,Ideal,5,D,SI2,2
1273,1274,1.11,Ideal,5,E,VS2,5
1274,1275,2.21,Premium,4,G,SI2,2
1275,1276,0.43,Good,2,F,SI1,3
1276,1277,0.7,Premium,4,G,IF,8
1277,1278,0.25,Very Good,3,F,IF,8
1278,1279,0.5,Good,2,H,VS2,5
1279,1280,0.24,Good,2,F,VS1,4
1280,1281,0.3,Premium,4,E,SI1,3
1281,1282,1.11,Very Good,3,H,SI2,2
1282,1283,1.02,Fair,1,I,SI2,2
1283,1284,0.31,Ideal,5,G,VVS1,7
1284,1285,0.39,Ideal,5,G,VS1,4
1285,1286,0.5,Premium,4,E,VS2,5
1286,1287,0.7,Ideal,5,F,SI1,3
1287,1288,0.32,Very Good,3,G,SI1,3
1288,1289,0.3,Very Good,3,H,VS1,4
1289,1290,0.41,Ideal,5,G,VVS2,6
1290,1291,1.33,Fair,1,G,SI2,2
1291,1292,0.3,Ideal,5,I,VVS1,7
1292,1293,1.51,Premium,4,F,VS2,5
1293,1294,0.38,Ideal,5,F,VVS1,7
1294,1295,0.23,Very Good,3,D,VS2,5
1295,1296,0.74,Ideal,5,G,VS2,5
1296,1297,1.2,Very Good,3,H,SI2,2
1297,1298,1.52,Ideal,5,G,SI1,3
1298,1299,1.01,Ideal,5,G,VS2,5
1299,1300,0.44,Ideal,5,E,VS2,5
1300,1301,1.2,Premium,4,G,SI1,3
1301,1302,1.3,Good,2,J,SI2,2
1302,1303,0.31,Premium,4,H,SI1,3
1303,1304,1.2,Ideal,5,G,VVS2,6
1304,1305,0.79,Premium,4,D,SI1,3
1305,1306,1.05,Ideal,5,F,VVS1,7
1306,1307,0.7,Premium,4,G,SI2,2
1307,1308,0.3,Very Good,3,J,VS2,5
1308,1309,1.25,Ideal,5,G,VVS2,6
1309,1310,2.07,Very Good,3,J,VS2,5
1310,1311,1.52,Premium,4,F,VS2,5
1311,1312,0.31,Ideal,5,G,VS2,5
1312,1313,0.94,Ideal,5,F,SI2,2
1313,1314,0.27,Very Good,3,E,VS2,5
1314,1315,0.32,Ideal,5,G,IF,8
1315,1316,0.35,Ideal,5,F,VS1,4
1316,1317,1.2,Ideal,5,F,VVS1,7
1317,1318,1.51,Premium,4,E,SI1,3
1318,1319,0.4,Ideal,5,G,VS2,5
1319,1320,0.33,Premium,4,G,VVS2,6
1320,1321,1.51,Very Good,3,I,IF,8
1321,1322,0.72,Premium,4,J,I1,1
1322,1323,0.84,Very Good,3,G,VS2,5
1323,1324,1.06,Very Good,3,F,SI1,3
1324,1325,1.01,Premium,4,F,VS2,5
1325,1326,0.38,Ideal,5,F,VVS2,6
1326,1327,0.72,Ideal,5,H,VS1,4
1327,1328,1.61,Very Good,3,E,SI2,2
1328,1329,1.5,Very Good,3,J,VS1,4
1329,1330,0.78,Good,2,J,SI1,3
1330,1331,0.69,Fair,1,G,SI2,2
1331,1332,0.32,Ideal,5,E,VS2,5
1332,1333,0.51,Ideal,5,H,VVS2,6
1333,1334,0.34,Ideal,5,F,VS1,4
1334,1335,1.49,Very Good,3,F,I1,1
1335,1336,0.5,Premium,4,F,VS1,4
1336,1337,0.9,Good,2,E,SI1,3
1337,1338,2.2,Premium,4,J,VS1,4
1338,1339,0.51,Premium,4,G,VVS2,6
1339,1340,2.38,Premium,4,H,SI1,3
1340,1341,0.9,Premium,4,D,SI2,2
1341,1342,1.05,Ideal,5,H,SI1,3
1342,1343,0.61,Premium,4,I,VS2,5
1343,1344,0.71,Very Good,3,H,VVS1,7
1344,1345,1.01,Ideal,5,J,SI1,3
1345,1346,0.4,Premium,4,H,VS2,5
1346,1347,0.57,Premium,4,E,SI2,2
1347,1348,1.74,Ideal,5,J,SI1,3
1348,1349,0.37,Very Good,3,D,VS2,5
1349,1350,0.53,Fair,1,E,SI1,3
1350,1351,2.4,Fair,1,J,SI2,2
1351,1352,0.71,Premium,4,E,SI1,3
1352,1353,0.71,Fair,1,D,VS2,5
1353,1354,0.51,Very Good,3,F,VS1,4
1354,1355,0.95,Fair,1,J,SI1,3
1355,1356,0.32,Good,2,F,VS2,5
1356,1357,0.31,Premium,4,J,VS2,5
1357,1358,0.9,Good,2,E,SI1,3
1358,1359,0.51,Ideal,5,G,VVS2,6
1359,1360,1.7,Premium,4,G,VS2,5
1360,1361,0.31,Premium,4,E,VS2,5
1361,1362,0.5,Very Good,3,E,VS2,5
1362,1363,1.55,Very Good,3,D,SI2,2
1363,1364,1.01,Very Good,3,E,SI1,3
1364,1365,1.01,Very Good,3,E,SI1,3
1365,1366,1.18,Ideal,5,I,SI1,3
1366,1367,0.3,Ideal,5,F,VVS1,7
1367,1368,0.76,Very Good,3,H,SI1,3
1368,1369,0.92,Good,2,D,SI1,3
1369,1370,0.72,Fair,1,H,SI2,2
1370,1371,1.5,Very Good,3,D,VS2,5
1371,1372,1.01,Ideal,5,H,SI1,3
1372,1373,1.1,Ideal,5,H,SI1,3
1373,1374,0.34,Very Good,3,F,SI2,2
1374,1375,0.53,Ideal,5,E,SI1,3
1375,1376,1.6,Premium,4,J,SI1,3
1376,1377,0.31,Ideal,5,H,SI1,3
1377,1378,0.31,Ideal,5,E,VS1,4
1378,1379,1.5,Good,2,H,VS2,5
1379,1380,1.02,Good,2,E,SI2,2
1380,1381,1.01,Ideal,5,F,SI1,3
1381,1382,0.4,Ideal,5,F,VVS2,6
1382,1383,0.4,Ideal,5,E,VS2,5
1383,1384,1.12,Premium,4,H,SI1,3
1384,1385,0.31,Premium,4,H,SI1,3
1385,1386,1.52,Premium,4,G,VVS2,6
1386,1387,1.6,Ideal,5,I,SI2,2
1387,1388,2.0,Premium,4,G,SI1,3
1388,1389,0.58,Ideal,5,E,VS1,4
1389,1390,2.06,Very Good,3,J,SI1,3
1390,1391,0.56,Ideal,5,E,SI1,3
1391,1392,0.51,Very Good,3,I,VS1,4
1392,1393,1.01,Premium,4,H,VS2,5
1393,1394,0.5,Very Good,3,J,VS2,5
1394,1395,1.51,Ideal,5,G,VS1,4
1395,1396,0.8,Premium,4,F,SI2,2
1396,1397,0.52,Premium,4,G,VVS2,6
1397,1398,1.48,Good,2,G,IF,8
1398,1399,0.31,Ideal,5,D,VS2,5
1399,1400,1.01,Ideal,5,D,SI2,2
1400,1401,0.32,Very Good,3,H,SI1,3
1401,1402,0.51,Premium,4,E,VS1,4
1402,1403,0.71,Premium,4,H,SI2,2
1403,1404,0.61,Very Good,3,I,VS2,5
1404,1405,1.69,Premium,4,J,I1,1
1405,1406,0.57,Ideal,5,E,VVS2,6
1406,1407,1.22,Good,2,G,SI2,2
1407,1408,1.38,Premium,4,J,SI1,3
1408,1409,1.18,Ideal,5,I,VS1,4
1409,1410,0.51,Ideal,5,G,VVS2,6
1410,1411,1.7,Ideal,5,D,SI2,2
1411,1412,0.4,Good,2,F,I1,1
1412,1413,0.71,Ideal,5,F,VS1,4
1413,1414,0.93,Good,2,G,SI1,3
1414,1415,0.39,Very Good,3,I,VVS2,6
1415,1416,1.01,Ideal,5,G,VVS2,6
1416,1417,1.6,Premium,4,G,VS2,5
1417,1418,0.32,Ideal,5,G,VVS1,7
1418,1419,0.32,Good,2,D,SI2,2
1419,1420,1.0,Very Good,3,E,SI2,2
1420,1421,0.57,Ideal,5,E,VS2,5
1421,1422,1.0,Premium,4,H,SI1,3
1422,1423,0.53,Ideal,5,G,VVS2,6
1423,1424,1.56,Premium,4,H,VS1,4
1424,1425,0.5,Premium,4,G,VS1,4
1425,1426,1.06,Ideal,5,G,VS2,5
1426,1427,0.33,Premium,4,H,VS1,4
1427,1428,0.9,Very Good,3,G,VVS2,6
1428,1429,1.0,Premium,4,F,SI1,3
1429,1430,0.31,Ideal,5,I,VVS1,7
1430,1431,1.24,Ideal,5,H,SI2,2
1431,1432,1.01,Ideal,5,D,VS2,5
1432,1433,1.02,Ideal,5,G,VS1,4
1433,1434,1.01,Premium,4,E,SI1,3
1434,1435,0.53,Very Good,3,F,SI2,2
1435,1436,0.53,Ideal,5,D,VS2,5
1436,1437,1.58,Premium,4,F,SI2,2
1437,1438,1.04,Premium,4,D,VVS2,6
1438,1439,0.32,Ideal,5,E,IF,8
1439,1440,0.58,Premium,4,G,VS2,5
1440,1441,1.2,Ideal,5,E,VVS1,7
1441,1442,1.07,Premium,4,F,SI2,2
1442,1443,1.06,Very Good,3,F,SI1,3
1443,1444,0.53,Ideal,5,G,VS2,5
1444,1445,0.33,Ideal,5,F,VVS2,6
1445,1446,0.7,Very Good,3,E,SI1,3
1446,1447,1.21,Premium,4,G,VS2,5
1447,1448,0.3,Very Good,3,D,SI1,3
1448,1449,0.52,Ideal,5,H,SI1,3
1449,1450,1.16,Good,2,F,SI2,2
1450,1451,0.73,Very Good,3,G,SI1,3
1451,1452,2.02,Ideal,5,J,VS2,5
1452,1453,0.37,Ideal,5,G,VS1,4
1453,1454,1.01,Very Good,3,G,SI1,3
1454,1455,0.52,Ideal,5,D,VS2,5
1455,1456,0.7,Good,2,E,VS2,5
1456,1457,0.4,Ideal,5,D,VVS1,7
1457,1458,1.0,Good,2,E,VS2,5
1458,1459,1.21,Ideal,5,E,SI1,3
1459,1460,1.08,Ideal,5,F,VS2,5
1460,1461,0.4,Ideal,5,F,VVS1,7
1461,1462,0.9,Very Good,3,F,VS2,5
1462,1463,0.41,Ideal,5,I,VVS2,6
1463,1464,1.0,Very Good,3,J,SI2,2
1464,1465,0.5,Very Good,3,E,SI1,3
1465,1466,1.19,Ideal,5,G,VVS1,7
1466,1467,0.5,Very Good,3,E,SI1,3
1467,1468,0.3,Premium,4,D,VS2,5
1468,1469,2.01,Good,2,F,SI2,2
1469,1470,0.32,Ideal,5,E,VVS2,6
1470,1471,0.43,Ideal,5,F,VVS1,7
1471,1472,0.31,Ideal,5,D,SI1,3
1472,1473,2.07,Premium,4,J,VS2,5
1473,1474,1.03,Ideal,5,E,SI1,3
1474,1475,0.7,Very Good,3,D,VS2,5
1475,1476,2.02,Very Good,3,G,SI2,2
1476,1477,0.57,Very Good,3,J,IF,8
1477,1478,1.13,Ideal,5,H,SI1,3
1478,1479,0.51,Very Good,3,G,VS2,5
1479,1480,0.27,Ideal,5,I,IF,8
1480,1481,1.5,Premium,4,D,VS2,5
1481,1482,1.03,Very Good,3,D,SI2,2
1482,1483,1.51,Very Good,3,I,SI2,2
1483,1484,0.72,Ideal,5,H,VVS1,7
1484,1485,1.71,Premium,4,I,VS2,5
1485,1486,0.4,Very Good,3,D,VS2,5
1486,1487,1.51,Very Good,3,F,VVS2,6
1487,1488,0.5,Ideal,5,H,SI1,3
1488,1489,1.14,Premium,4,F,SI1,3
1489,1490,0.33,Ideal,5,E,VS2,5
1490,1491,1.6,Premium,4,F,SI1,3
1491,1492,0.3,Good,2,E,VS2,5
1492,1493,0.73,Ideal,5,E,SI1,3
1493,1494,0.59,Very Good,3,G,SI1,3
1494,1495,0.47,Ideal,5,H,VS2,5
1495,1496,0.4,Premium,4,G,VVS2,6
1496,1497,0.3,Ideal,5,F,VS2,5
1497,1498,1.01,Very Good,3,H,VVS2,6
1498,1499,0.72,Very Good,3,E,SI1,3
1499,1500,0.63,Ideal,5,E,VS1,4
1500,1501,1.53,Ideal,5,F,VS1,4
1501,1502,0.4,Good,2,F,VS2,5
1502,1503,1.2,Fair,1,G,I1,1
1503,1504,0.78,Ideal,5,F,SI1,3
1504,1505,0.27,Premium,4,E,VS1,4
1505,1506,0.92,Very Good,3,D,SI1,3
1506,1507,0.34,Ideal,5,E,IF,8
1507,1508,0.26,Very Good,3,F,VVS1,7
1508,1509,1.05,Ideal,5,H,SI1,3
1509,1510,0.4,Very Good,3,F,VVS1,7
1510,1511,2.01,Very Good,3,I,VVS2,6
1511,1512,1.05,Ideal,5,I,SI1,3
1512,1513,0.3,Ideal,5,E,VVS1,7
1513,1514,0.47,Very Good,3,F,VVS2,6
1514,1515,1.02,Good,2,D,VS1,4
1515,1516,1.59,Premium,4,G,SI1,3
1516,1517,1.0,Very Good,3,E,SI2,2
1517,1518,2.15,Ideal,5,I,SI2,2
1518,1519,0.4,Very Good,3,E,SI1,3
1519,1520,1.01,Premium,4,E,VS1,4
1520,1521,1.6,Ideal,5,G,SI1,3
1521,1522,2.01,Ideal,5,G,SI1,3
1522,1523,0.3,Ideal,5,E,VS2,5
1523,1524,0.42,Ideal,5,D,VVS2,6
1524,1525,0.4,Very Good,3,F,VVS1,7
1525,1526,0.76,Very Good,3,H,VS2,5
1526,1527,0.41,Ideal,5,F,VS2,5
1527,1528,0.56,Ideal,5,H,VVS1,7
1528,1529,0.7,Good,2,F,SI1,3
1529,1530,2.29,Premium,4,G,SI2,2
1530,1531,1.05,Fair,1,I,VS1,4
1531,1532,1.52,Very Good,3,H,VVS2,6
1532,1533,0.4,Very Good,3,H,VVS1,7
1533,1534,1.2,Premium,4,G,SI2,2
1534,1535,0.26,Ideal,5,I,VS2,5
1535,1536,1.74,Ideal,5,F,SI1,3
1536,1537,0.71,Fair,1,D,VS2,5
1537,1538,1.22,Ideal,5,H,SI2,2
1538,1539,0.41,Premium,4,E,VS1,4
1539,1540,0.31,Fair,1,G,VS1,4
1540,1541,1.01,Good,2,E,SI1,3
1541,1542,1.02,Very Good,3,E,SI1,3
1542,1543,1.23,Premium,4,I,SI2,2
1543,1544,0.63,Good,2,F,VS1,4
1544,1545,0.75,Ideal,5,E,SI2,2
1545,1546,0.43,Very Good,3,G,VVS1,7
1546,1547,1.24,Ideal,5,H,SI1,3
1547,1548,0.5,Premium,4,G,VS1,4
1548,1549,1.01,Ideal,5,D,VVS2,6
1549,1550,0.31,Premium,4,E,SI2,2
1550,1551,0.7,Very Good,3,E,VS2,5
1551,1552,0.38,Premium,4,I,SI2,2
1552,1553,2.29,Premium,4,G,SI2,2
1553,1554,0.85,Fair,1,I,SI1,3
1554,1555,0.32,Ideal,5,E,VS1,4
1555,1556,1.01,Very Good,3,G,VS2,5
1556,1557,0.31,Ideal,5,G,VVS2,6
1557,1558,0.52,Premium,4,E,VS2,5
1558,1559,0.4,Ideal,5,D,VVS2,6
1559,1560,0.7,Very Good,3,H,VS2,5
1560,1561,1.31,Premium,4,D,VVS1,7
1561,1562,0.5,Premium,4,G,VVS2,6
1562,1563,1.5,Premium,4,H,VS2,5
1563,1564,0.7,Premium,4,F,SI1,3
1564,1565,0.31,Very Good,3,I,VVS1,7
1565,1566,1.0,Good,2,G,SI1,3
1566,1567,0.41,Premium,4,E,VS1,4
1567,1568,1.04,Premium,4,G,SI2,2
1568,1569,0.32,Very Good,3,H,SI2,2
1569,1570,0.78,Very Good,3,I,SI1,3
1570,1571,1.01,Very Good,3,D,VS2,5
1571,1572,0.9,Good,2,F,SI2,2
1572,1573,0.9,Premium,4,G,VS2,5
1573,1574,1.71,Very Good,3,F,SI1,3
1574,1575,0.41,Ideal,5,F,IF,8
1575,1576,1.0,Ideal,5,H,SI2,2
1576,1577,0.56,Ideal,5,G,VVS2,6
1577,1578,0.43,Premium,4,G,VS1,4
1578,1579,0.95,Ideal,5,G,VS2,5
1579,1580,0.83,Ideal,5,I,SI2,2
1580,1581,0.51,Ideal,5,D,VS2,5
1581,1582,0.7,Fair,1,D,SI2,2
1582,1583,0.41,Premium,4,F,VS1,4
1583,1584,0.32,Ideal,5,G,IF,8
1584,1585,0.7,Very Good,3,G,VS2,5
1585,1586,0.7,Premium,4,D,SI1,3
1586,1587,0.53,Ideal,5,H,VS1,4
1587,1588,0.9,Good,2,E,SI1,3
1588,1589,0.72,Premium,4,F,SI1,3
1589,1590,0.3,Very Good,3,D,SI2,2
1590,1591,1.0,Premium,4,E,VS2,5
1591,1592,1.57,Very Good,3,J,VS2,5
1592,1593,0.51,Ideal,5,D,VS2,5
1593,1594,1.3,Fair,1,H,I1,1
1594,1595,1.07,Ideal,5,E,VVS2,6
1595,1596,1.55,Ideal,5,J,VS2,5
1596,1597,0.9,Premium,4,H,I1,1
1597,1598,0.72,Premium,4,D,SI2,2
1598,1599,1.0,Premium,4,E,SI2,2
1599,1600,0.55,Ideal,5,F,SI1,3
1600,1601,1.36,Good,2,G,SI1,3
1601,1602,0.26,Premium,4,H,VVS2,6
1602,1603,1.08,Ideal,5,H,SI2,2
1603,1604,0.79,Ideal,5,G,SI1,3
1604,1605,0.9,Very Good,3,J,VS2,5
1605,1606,0.9,Very Good,3,E,SI1,3
1606,1607,1.13,Fair,1,F,VS1,4
1607,1608,1.0,Good,2,H,SI2,2
1608,1609,1.51,Ideal,5,G,VVS2,6
1609,1610,1.2,Ideal,5,F,VS1,4
1610,1611,1.01,Very Good,3,F,SI1,3
1611,1612,1.03,Ideal,5,I,SI2,2
1612,1613,0.9,Ideal,5,F,SI1,3
1613,1614,0.38,Premium,4,D,VVS2,6
1614,1615,0.84,Ideal,5,J,SI1,3
1615,1616,0.39,Ideal,5,F,VVS1,7
1616,1617,0.33,Ideal,5,G,VVS2,6
1617,1618,0.7,Ideal,5,E,VS2,5
1618,1619,0.75,Ideal,5,H,SI1,3
1619,1620,0.42,Ideal,5,G,VS2,5
1620,1621,1.03,Ideal,5,F,VVS2,6
1621,1622,0.81,Premium,4,I,VVS2,6
1622,1623,0.31,Ideal,5,G,VVS1,7
1623,1624,1.15,Very Good,3,E,SI2,2
1624,1625,0.29,Very Good,3,E,VS1,4
1625,1626,1.0,Good,2,J,VS2,5
1626,1627,0.9,Very Good,3,H,SI2,2
1627,1628,0.55,Ideal,5,D,VS2,5
1628,1629,2.11,Ideal,5,D,SI2,2
1629,1630,1.0,Very Good,3,G,VVS2,6
1630,1631,0.37,Good,2,E,VS2,5
1631,1632,0.5,Ideal,5,D,VS2,5
1632,1633,0.3,Ideal,5,I,VS1,4
1633,1634,0.7,Very Good,3,F,SI1,3
1634,1635,0.9,Premium,4,E,SI1,3
1635,1636,0.41,Ideal,5,I,VS2,5
1636,1637,0.33,Premium,4,G,VVS2,6
1637,1638,0.68,Premium,4,D,SI1,3
1638,1639,0.73,Very Good,3,G,SI2,2
1639,1640,0.52,Ideal,5,E,SI1,3
1640,1641,0.47,Fair,1,E,SI1,3
1641,1642,0.71,Good,2,H,SI1,3
1642,1643,0.7,Very Good,3,I,VS2,5
1643,1644,0.94,Very Good,3,D,SI1,3
1644,1645,0.41,Premium,4,G,SI1,3
1645,1646,0.41,Premium,4,E,SI1,3
1646,1647,0.34,Ideal,5,H,VS1,4
1647,1648,0.75,Very Good,3,E,SI1,3
1648,1649,2.01,Premium,4,I,SI2,2
1649,1650,1.0,Ideal,5,G,VVS2,6
1650,1651,1.21,Very Good,3,H,VS1,4
1651,1652,0.74,Very Good,3,D,SI2,2
1652,1653,0.42,Good,2,F,SI1,3
1653,1654,0.51,Ideal,5,D,VVS2,6
1654,1655,1.57,Very Good,3,H,VS2,5
1655,1656,1.0,Premium,4,F,SI1,3
1656,1657,0.7,Ideal,5,G,VS1,4
1657,1658,0.92,Ideal,5,E,SI1,3
1658,1659,0.41,Ideal,5,G,VS1,4
1659,1660,0.65,Very Good,3,H,VVS1,7
1660,1661,0.3,Premium,4,J,VS1,4
1661,1662,0.94,Ideal,5,D,SI2,2
1662,1663,0.32,Good,2,G,VS2,5
1663,1664,1.2,Ideal,5,I,SI1,3
1664,1665,1.0,Ideal,5,G,VVS2,6
1665,1666,1.01,Premium,4,G,VS2,5
1666,1667,0.37,Ideal,5,F,VVS1,7
1667,1668,1.55,Good,2,J,VS1,4
1668,1669,0.52,Good,2,E,SI1,3
1669,1670,0.51,Ideal,5,G,VS1,4
1670,1671,0.5,Good,2,E,SI1,3
1671,1672,1.21,Very Good,3,D,SI2,2
1672,1673,1.01,Premium,4,E,SI2,2
1673,1674,1.12,Ideal,5,F,VVS2,6
1674,1675,1.26,Ideal,5,H,SI1,3
1675,1676,0.72,Ideal,5,F,SI2,2
1676,1677,1.03,Ideal,5,G,SI1,3
1677,1678,0.32,Ideal,5,F,IF,8
1678,1679,0.3,Premium,4,G,VVS2,6
1679,1680,0.72,Good,2,F,VS2,5
1680,1681,0.76,Premium,4,E,SI2,2
1681,1682,1.02,Premium,4,H,VS2,5
1682,1683,1.7,Premium,4,I,VS2,5
1683,1684,0.41,Ideal,5,I,VS1,4
1684,1685,2.09,Very Good,3,F,SI2,2
1685,1686,1.08,Ideal,5,G,IF,8
1686,1687,1.06,Premium,4,H,VS2,5
1687,1688,1.26,Very Good,3,I,VS1,4
1688,1689,0.8,Very Good,3,J,VS1,4
1689,1690,1.0,Very Good,3,E,VS2,5
1690,1691,0.3,Ideal,5,H,VS2,5
1691,1692,0.42,Very Good,3,E,SI1,3
1692,1693,0.93,Ideal,5,D,SI2,2
1693,1694,0.3,Good,2,I,VVS1,7
1694,1695,0.3,Ideal,5,G,IF,8
1695,1696,0.43,Very Good,3,G,VS1,4
1696,1697,0.71,Good,2,I,VVS2,6
1697,1698,0.41,Good,2,E,VVS2,6
1698,1699,0.95,Premium,4,G,SI2,2
1699,1700,2.0,Very Good,3,G,SI2,2
1700,1701,1.05,Very Good,3,G,VS2,5
1701,1702,0.34,Very Good,3,I,SI1,3
1702,1703,2.0,Premium,4,J,I1,1
1703,1704,1.04,Very Good,3,F,VS2,5
1704,1705,0.52,Ideal,5,G,SI1,3
1705,1706,2.07,Very Good,3,H,SI2,2
1706,1707,0.91,Fair,1,H,SI2,2
1707,1708,0.5,Ideal,5,H,SI1,3
1708,1709,1.51,Premium,4,E,SI2,2
1709,1710,0.3,Good,2,F,VVS1,7
1710,1711,0.55,Ideal,5,G,VS2,5
1711,1712,1.2,Premium,4,E,VVS2,6
1712,1713,1.01,Premium,4,H,VS2,5
1713,1714,0.51,Ideal,5,G,VVS2,6
1714,1715,0.53,Ideal,5,I,VS1,4
1715,1716,1.2,Ideal,5,E,VVS1,7
1716,1717,0.71,Very Good,3,H,VVS2,6
1717,1718,0.32,Very Good,3,G,VVS1,7
1718,1719,2.13,Ideal,5,I,SI2,2
1719,1720,1.1,Ideal,5,G,VS1,4
1720,1721,0.7,Ideal,5,H,VVS2,6
1721,1722,0.3,Premium,4,D,SI1,3
1722,1723,0.48,Very Good,3,E,SI1,3
1723,1724,0.3,Ideal,5,D,SI1,3
1724,1725,0.32,Ideal,5,F,VS2,5
1725,1726,0.71,Ideal,5,D,VS1,4
1726,1727,1.25,Ideal,5,F,VS1,4
1727,1728,0.51,Ideal,5,I,VVS2,6
1728,1729,0.73,Very Good,3,H,VS1,4
1729,1730,0.41,Good,2,G,VVS1,7
1730,1731,1.23,Ideal,5,F,VVS2,6
1731,1732,0.55,Ideal,5,I,VVS1,7
1732,1733,0.58,Very Good,3,D,SI1,3
1733,1734,0.97,Premium,4,D,SI1,3
1734,1735,0.33,Ideal,5,E,VS2,5
1735,1736,0.33,Ideal,5,G,VVS2,6
1736,1737,0.41,Ideal,5,J,VS1,4
1737,1738,0.27,Ideal,5,F,VVS1,7
1738,1739,0.3,Very Good,3,G,SI1,3
1739,1740,0.52,Ideal,5,E,VVS2,6
1740,1741,0.42,Ideal,5,E,VVS1,7
1741,1742,1.01,Good,2,E,SI2,2
1742,1743,0.39,Ideal,5,G,VVS1,7
1743,1744,0.43,Very Good,3,E,SI1,3
1744,1745,0.72,Ideal,5,F,VVS2,6
1745,1746,0.23,Very Good,3,H,VVS1,7
1746,1747,0.79,Very Good,3,D,VS1,4
1747,1748,0.35,Ideal,5,G,IF,8
1748,1749,0.24,Very Good,3,J,VVS2,6
1749,1750,0.68,Very Good,3,F,VVS2,6
1750,1751,1.02,Very Good,3,E,VS1,4
1751,1752,0.71,Ideal,5,F,SI2,2
1752,1753,0.76,Premium,4,I,VVS1,7
1753,1754,0.41,Ideal,5,G,VVS2,6
1754,1755,0.7,Very Good,3,G,SI2,2
1755,1756,2.41,Premium,4,H,SI2,2
1756,1757,0.61,Good,2,H,VVS2,6
1757,1758,1.0,Ideal,5,D,SI1,3
1758,1759,0.71,Ideal,5,D,VS2,5
1759,1760,1.13,Very Good,3,F,SI1,3
1760,1761,0.41,Ideal,5,E,VS2,5
1761,1762,0.76,Very Good,3,H,SI1,3
1762,1763,0.97,Ideal,5,I,I1,1
1763,1764,0.62,Premium,4,G,I1,1
1764,1765,0.9,Good,2,F,SI1,3
1765,1766,0.79,Very Good,3,E,VS2,5
1766,1767,0.3,Ideal,5,E,SI1,3
1767,1768,0.31,Ideal,5,G,VVS1,7
1768,1769,0.32,Ideal,5,D,VS2,5
1769,1770,1.04,Good,2,D,SI1,3
1770,1771,1.21,Ideal,5,G,VVS1,7
1771,1772,1.02,Fair,1,G,SI1,3
1772,1773,0.35,Ideal,5,E,VS2,5
1773,1774,0.32,Ideal,5,D,SI1,3
1774,1775,1.02,Premium,4,F,VS1,4
1775,1776,0.36,Premium,4,E,SI2,2
1776,1777,0.38,Premium,4,G,VS1,4
1777,1778,1.05,Premium,4,H,SI1,3
1778,1779,0.41,Good,2,E,SI2,2
1779,1780,1.05,Very Good,3,D,VS2,5
1780,1781,1.52,Premium,4,H,SI1,3
1781,1782,0.9,Ideal,5,H,SI1,3
1782,1783,1.15,Premium,4,H,SI2,2
1783,1784,0.94,Ideal,5,D,SI1,3
1784,1785,0.7,Premium,4,G,VS1,4
1785,1786,0.5,Ideal,5,D,VVS2,6
1786,1787,0.64,Ideal,5,G,VVS2,6
1787,1788,0.55,Ideal,5,I,VS2,5
1788,1789,0.38,Ideal,5,F,VS2,5
1789,1790,0.53,Ideal,5,D,VS2,5
1790,1791,1.68,Good,2,E,I1,1
1791,1792,1.22,Premium,4,H,SI1,3
1792,1793,2.0,Fair,1,H,SI2,2
1793,1794,1.01,Premium,4,F,SI2,2
1794,1795,0.9,Ideal,5,H,SI2,2
1795,1796,0.26,Ideal,5,H,VS1,4
1796,1797,1.01,Ideal,5,E,SI2,2
1797,1798,0.92,Very Good,3,F,SI1,3
1798,1799,1.5,Premium,4,E,SI2,2
1799,1800,1.34,Very Good,3,H,VS2,5
1800,1801,0.31,Ideal,5,D,VS2,5
1801,1802,0.61,Good,2,F,VS1,4
1802,1803,0.4,Good,2,F,SI1,3
1803,1804,0.3,Ideal,5,H,VS2,5
1804,1805,0.95,Ideal,5,E,SI2,2
1805,1806,0.32,Ideal,5,G,VS1,4
1806,1807,1.66,Good,2,J,VS2,5
1807,1808,1.22,Premium,4,D,VS2,5
1808,1809,2.53,Premium,4,H,SI2,2
1809,1810,0.3,Ideal,5,H,VS1,4
1810,1811,0.25,Very Good,3,H,VVS2,6
1811,1812,0.73,Ideal,5,G,VS1,4
1812,1813,0.3,Very Good,3,I,IF,8
1813,1814,1.31,Premium,4,I,SI2,2
1814,1815,1.01,Very Good,3,F,VS2,5
1815,1816,0.41,Very Good,3,D,VS2,5
1816,1817,0.37,Premium,4,G,SI1,3
1817,1818,0.3,Very Good,3,F,VVS1,7
1818,1819,0.51,Premium,4,E,VS2,5
1819,1820,2.56,Good,2,J,SI2,2
1820,1821,0.38,Premium,4,H,SI1,3
1821,1822,0.38,Very Good,3,G,VS1,4
1822,1823,0.58,Ideal,5,G,VS2,5
1823,1824,0.74,Ideal,5,G,SI2,2
1824,1825,0.31,Ideal,5,I,SI1,3
1825,1826,1.0,Good,2,G,VS2,5
1826,1827,0.31,Very Good,3,H,VS2,5
1827,1828,0.61,Premium,4,F,VVS2,6
1828,1829,0.81,Ideal,5,F,VS2,5
1829,1830,0.58,Ideal,5,F,SI1,3
1830,1831,0.38,Very Good,3,F,VS2,5
1831,1832,0.54,Ideal,5,E,SI1,3
1832,1833,0.57,Very Good,3,E,VS2,5
1833,1834,1.01,Premium,4,G,SI1,3
1834,1835,0.57,Fair,1,F,VS1,4
1835,1836,0.73,Premium,4,E,SI1,3
1836,1837,1.18,Ideal,5,E,SI2,2
1837,1838,0.31,Ideal,5,F,IF,8
1838,1839,0.3,Ideal,5,H,VS1,4
1839,1840,0.34,Ideal,5,E,VS2,5
1840,1841,0.7,Very Good,3,G,SI2,2
1841,1842,0.3,Ideal,5,G,VS1,4
1842,1843,0.58,Ideal,5,E,VVS2,6
1843,1844,1.24,Ideal,5,E,VS2,5
1844,1845,1.23,Very Good,3,F,VS1,4
1845,1846,0.57,Ideal,5,E,SI1,3
1846,1847,0.32,Ideal,5,E,VVS1,7
1847,1848,0.9,Ideal,5,G,VVS1,7
1848,1849,0.39,Ideal,5,E,VVS2,6
1849,1850,0.8,Ideal,5,H,SI1,3
1850,1851,1.14,Ideal,5,G,VS1,4
1851,1852,0.72,Very Good,3,G,VS1,4
1852,1853,0.31,Ideal,5,E,VS2,5
1853,1854,0.54,Ideal,5,D,SI1,3
1854,1855,0.32,Ideal,5,I,VS2,5
1855,1856,0.32,Ideal,5,D,VS2,5
1856,1857,0.27,Ideal,5,E,VS2,5
1857,1858,1.06,Ideal,5,F,I1,1
1858,1859,1.01,Premium,4,F,VS2,5
1859,1860,1.04,Premium,4,G,SI2,2
1860,1861,0.25,Premium,4,E,VVS2,6
1861,1862,0.3,Ideal,5,H,VS2,5
1862,1863,0.51,Premium,4,G,SI2,2
1863,1864,0.73,Ideal,5,I,VS1,4
1864,1865,0.44,Ideal,5,I,VS1,4
1865,1866,0.33,Very Good,3,I,SI1,3
1866,1867,0.7,Very Good,3,E,SI1,3
1867,1868,1.0,Good,2,H,VVS2,6
1868,1869,0.3,Ideal,5,G,VVS1,7
1869,1870,0.76,Premium,4,E,SI2,2
1870,1871,0.79,Ideal,5,F,SI1,3
1871,1872,0.76,Ideal,5,F,VS2,5
1872,1873,0.51,Ideal,5,F,VS1,4
1873,1874,0.53,Ideal,5,D,VS2,5
1874,1875,0.56,Fair,1,E,VVS2,6
1875,1876,0.31,Ideal,5,F,VVS1,7
1876,1877,0.41,Premium,4,E,VS1,4
1877,1878,0.54,Ideal,5,F,VS2,5
1878,1879,1.0,Very Good,3,G,SI1,3
1879,1880,1.01,Very Good,3,H,SI1,3
1880,1881,1.65,Ideal,5,G,VS1,4
1881,1882,0.24,Ideal,5,F,IF,8
1882,1883,0.33,Ideal,5,E,SI1,3
1883,1884,0.78,Ideal,5,F,VS2,5
1884,1885,1.01,Very Good,3,G,VS2,5
1885,1886,0.74,Very Good,3,E,SI2,2
1886,1887,0.51,Premium,4,D,VS1,4
1887,1888,2.01,Good,2,I,SI1,3
1888,1889,0.34,Ideal,5,G,SI1,3
1889,1890,1.23,Ideal,5,I,SI1,3
1890,1891,0.39,Ideal,5,F,VVS2,6
1891,1892,1.5,Very Good,3,H,VS1,4
1892,1893,0.31,Ideal,5,E,VVS1,7
1893,1894,0.34,Ideal,5,D,VS2,5
1894,1895,0.34,Ideal,5,G,IF,8
1895,1896,0.33,Ideal,5,G,VS1,4
1896,1897,0.3,Ideal,5,H,SI1,3
1897,1898,0.28,Ideal,5,D,VS2,5
1898,1899,0.35,Very Good,3,D,VS1,4
1899,1900,0.3,Ideal,5,F,IF,8
1900,1901,1.4,Ideal,5,J,SI1,3
1901,1902,0.35,Premium,4,E,SI1,3
1902,1903,0.42,Premium,4,G,SI1,3
1903,1904,1.75,Ideal,5,I,SI1,3
1904,1905,0.42,Ideal,5,E,SI2,2
1905,1906,1.26,Ideal,5,G,VS1,4
1906,1907,1.25,Ideal,5,J,VS1,4
1907,1908,1.01,Premium,4,E,SI1,3
1908,1909,0.23,Good,2,E,VVS1,7
1909,1910,1.15,Ideal,5,J,VS1,4
1910,1911,1.02,Premium,4,I,SI2,2
1911,1912,0.39,Ideal,5,H,IF,8
1912,1913,0.37,Premium,4,I,VVS1,7
1913,1914,0.9,Good,2,H,SI1,3
1914,1915,0.27,Very Good,3,G,VVS1,7
1915,1916,0.53,Premium,4,F,I1,1
1916,1917,0.57,Premium,4,G,VS1,4
1917,1918,0.76,Premium,4,H,SI1,3
1918,1919,1.02,Ideal,5,J,SI2,2
1919,1920,0.58,Premium,4,E,VS2,5
1920,1921,0.7,Good,2,D,SI2,2
1921,1922,0.32,Good,2,D,SI1,3
1922,1923,0.72,Very Good,3,E,VS2,5
1923,1924,0.73,Premium,4,E,VS2,5
1924,1925,1.02,Very Good,3,G,VS2,5
1925,1926,0.4,Very Good,3,D,VS2,5
1926,1927,0.31,Ideal,5,H,VS1,4
1927,1928,1.04,Ideal,5,G,VS2,5
1928,1929,0.71,Very Good,3,F,VS2,5
1929,1930,0.34,Premium,4,I,VVS1,7
1930,1931,0.3,Very Good,3,G,VVS1,7
1931,1932,0.71,Premium,4,D,VS2,5
1932,1933,2.28,Premium,4,H,SI2,2
1933,1934,0.72,Very Good,3,E,SI1,3
1934,1935,0.91,Good,2,E,VS2,5
1935,1936,0.5,Very Good,3,E,VS1,4
1936,1937,0.91,Premium,4,F,SI2,2
1937,1938,0.3,Ideal,5,E,VS2,5
1938,1939,0.41,Premium,4,E,SI2,2
1939,1940,0.71,Premium,4,I,VVS1,7
1940,1941,0.92,Good,2,E,SI1,3
1941,1942,0.3,Ideal,5,D,VS2,5
1942,1943,0.7,Premium,4,H,SI1,3
1943,1944,2.36,Premium,4,H,SI2,2
1944,1945,0.35,Ideal,5,I,IF,8
1945,1946,0.7,Ideal,5,E,VS1,4
1946,1947,0.81,Ideal,5,J,VS2,5
1947,1948,0.53,Ideal,5,G,SI2,2
1948,1949,1.07,Ideal,5,G,SI1,3
1949,1950,1.51,Very Good,3,J,VS1,4
1950,1951,0.31,Ideal,5,F,VS2,5
1951,1952,1.61,Premium,4,H,SI1,3
1952,1953,0.3,Good,2,G,VVS2,6
1953,1954,0.39,Ideal,5,D,VVS2,6
1954,1955,0.43,Ideal,5,E,VVS2,6
1955,1956,1.04,Premium,4,I,SI1,3
1956,1957,0.35,Ideal,5,E,VS2,5
1957,1958,1.02,Very Good,3,F,SI1,3
1958,1959,0.92,Ideal,5,G,VS2,5
1959,1960,0.9,Very Good,3,F,VS1,4
1960,1961,0.59,Very Good,3,D,SI1,3
1961,1962,1.09,Ideal,5,H,SI1,3
1962,1963,0.5,Ideal,5,E,VS2,5
1963,1964,0.81,Premium,4,H,SI2,2
1964,1965,0.54,Good,2,H,VS1,4
1965,1966,0.52,Ideal,5,D,VS2,5
1966,1967,0.92,Premium,4,F,SI2,2
1967,1968,2.12,Very Good,3,H,SI2,2
1968,1969,2.01,Good,2,I,SI2,2
1969,1970,1.2,Very Good,3,F,VVS2,6
1970,1971,1.18,Premium,4,G,SI2,2
1971,1972,0.61,Ideal,5,F,VS1,4
1972,1973,1.06,Very Good,3,F,VS2,5
1973,1974,0.42,Premium,4,H,VVS1,7
1974,1975,0.51,Premium,4,D,VS2,5
1975,1976,0.3,Ideal,5,E,VVS1,7
1976,1977,0.31,Ideal,5,E,VS2,5
1977,1978,1.11,Very Good,3,H,SI1,3
1978,1979,0.31,Premium,4,H,VVS2,6
1979,1980,0.72,Ideal,5,G,VS2,5
1980,1981,0.76,Very Good,3,I,SI1,3
1981,1982,0.35,Premium,4,F,VS2,5
1982,1983,0.8,Good,2,G,VS2,5
1983,1984,1.02,Premium,4,D,SI2,2
1984,1985,0.7,Ideal,5,F,SI1,3
1985,1986,1.13,Ideal,5,G,VS2,5
1986,1987,1.01,Fair,1,E,SI2,2
1987,1988,0.57,Very Good,3,D,SI1,3
1988,1989,2.01,Good,2,G,SI2,2
1989,1990,0.52,Ideal,5,G,SI2,2
1990,1991,1.51,Good,2,I,SI1,3
1991,1992,1.64,Ideal,5,G,VVS2,6
1992,1993,0.8,Fair,1,G,SI2,2
1993,1994,0.3,Good,2,D,VS2,5
1994,1995,0.43,Ideal,5,G,IF,8
1995,1996,0.32,Ideal,5,G,VS2,5
1996,1997,0.31,Ideal,5,E,VS1,4
1997,1998,2.16,Ideal,5,I,SI2,2
1998,1999,0.6,Ideal,5,G,VS2,5
1999,2000,1.25,Very Good,3,I,SI1,3
2000,2001,1.71,Premium,4,G,SI1,3
2001,2002,0.42,Ideal,5,F,VVS2,6
2002,2003,0.31,Good,2,F,SI1,3
2003,2004,0.9,Good,2,D,SI1,3
2004,2005,0.31,Good,2,F,VVS2,6
2005,2006,0.55,Very Good,3,E,VS2,5
2006,2007,1.32,Very Good,3,G,SI2,2
2007,2008,0.79,Ideal,5,F,SI2,2
2008,2009,0.4,Ideal,5,F,VS2,5
2009,2010,0.31,Ideal,5,G,VVS1,7
2010,2011,0.7,Very Good,3,F,SI1,3
2011,2012,0.9,Good,2,D,VS2,5
2012,2013,0.36,Premium,4,E,VS2,5
2013,2014,0.51,Very Good,3,E,VS2,5
2014,2015,0.34,Ideal,5,G,SI1,3
2015,2016,0.31,Very Good,3,G,SI1,3
2016,2017,0.41,Premium,4,F,VS2,5
2017,2018,1.73,Premium,4,H,SI1,3
2018,2019,0.31,Ideal,5,F,IF,8
2019,2020,0.28,Ideal,5,E,VVS2,6
2020,2021,0.32,Very Good,3,D,SI1,3
2021,2022,0.51,Very Good,3,G,VS2,5
2022,2023,1.21,Ideal,5,F,SI2,2
2023,2024,0.71,Very Good,3,D,VS2,5
2024,2025,0.9,Very Good,3,E,SI1,3
2025,2026,0.92,Premium,4,J,VS2,5
2026,2027,0.41,Ideal,5,E,VS2,5
2027,2028,1.11,Premium,4,G,SI2,2
2028,2029,0.58,Premium,4,E,VS2,5
2029,2030,0.25,Very Good,3,G,VS2,5
2030,2031,1.0,Good,2,E,SI2,2
2031,2032,1.01,Very Good,3,G,VS1,4
2032,2033,0.37,Very Good,3,D,VVS1,7
2033,2034,1.15,Ideal,5,G,VVS1,7
2034,2035,1.2,Ideal,5,G,VS1,4
2035,2036,1.5,Good,2,H,VS1,4
2036,2037,1.5,Ideal,5,H,VS1,4
2037,2038,0.84,Good,2,G,SI1,3
2038,2039,0.51,Premium,4,F,VVS2,6
2039,2040,1.54,Ideal,5,G,SI2,2
2040,2041,0.35,Good,2,E,VS1,4
2041,2042,1.01,Premium,4,G,VS2,5
2042,2043,1.11,Very Good,3,F,VVS1,7
2043,2044,1.16,Premium,4,G,VVS1,7
2044,2045,1.01,Fair,1,G,SI1,3
2045,2046,1.26,Ideal,5,J,SI1,3
2046,2047,1.03,Ideal,5,G,VVS1,7
2047,2048,0.53,Ideal,5,E,VS2,5
2048,2049,0.3,Ideal,5,D,VS1,4
2049,2050,1.06,Premium,4,G,SI2,2
2050,2051,1.22,Premium,4,H,VS1,4
2051,2052,0.39,Very Good,3,E,VS1,4
2052,2053,0.7,Very Good,3,F,VS2,5
2053,2054,1.5,Premium,4,E,SI1,3
2054,2055,0.72,Very Good,3,E,SI1,3
2055,2056,1.03,Ideal,5,G,SI1,3
2056,2057,0.31,Good,2,G,SI1,3
2057,2058,2.51,Very Good,3,I,SI2,2
2058,2059,2.63,Ideal,5,J,SI2,2
2059,2060,1.27,Ideal,5,G,VS2,5
2060,2061,0.81,Premium,4,D,SI1,3
2061,2062,0.9,Ideal,5,G,SI1,3
2062,2063,0.33,Ideal,5,E,VS2,5
2063,2064,1.61,Ideal,5,G,VS1,4
2064,2065,0.36,Ideal,5,F,VS2,5
2065,2066,1.3,Premium,4,D,SI1,3
2066,2067,0.9,Fair,1,H,VS2,5
2067,2068,1.0,Good,2,D,SI1,3
2068,2069,1.52,Very Good,3,D,SI2,2
2069,2070,0.55,Very Good,3,D,VS2,5
2070,2071,1.0,Very Good,3,I,VS1,4
2071,2072,0.34,Premium,4,I,VVS1,7
2072,2073,0.53,Very Good,3,F,VS2,5
2073,2074,0.7,Premium,4,F,SI1,3
2074,2075,1.18,Premium,4,I,VS1,4
2075,2076,0.42,Ideal,5,G,SI1,3
2076,2077,2.26,Ideal,5,I,SI2,2
2077,2078,0.42,Very Good,3,H,VS2,5
2078,2079,0.73,Ideal,5,I,VS1,4
2079,2080,0.31,Ideal,5,E,VS2,5
2080,2081,0.74,Ideal,5,F,VS1,4
2081,2082,1.31,Premium,4,J,SI1,3
2082,2083,1.01,Good,2,E,VS2,5
2083,2084,0.4,Premium,4,F,SI1,3
2084,2085,0.4,Very Good,3,E,VS2,5
2085,2086,1.52,Very Good,3,F,VS2,5
2086,2087,0.32,Premium,4,G,SI1,3
2087,2088,0.3,Ideal,5,E,SI1,3
2088,2089,0.61,Ideal,5,E,VS1,4
2089,2090,2.0,Very Good,3,J,SI1,3
2090,2091,0.51,Ideal,5,D,VS1,4
2091,2092,0.7,Ideal,5,F,SI1,3
2092,2093,0.91,Very Good,3,D,SI2,2
2093,2094,0.71,Very Good,3,G,VVS2,6
2094,2095,0.42,Ideal,5,D,VS2,5
2095,2096,1.56,Very Good,3,H,SI2,2
2096,2097,0.33,Ideal,5,E,VS2,5
2097,2098,0.54,Ideal,5,F,VS1,4
2098,2099,0.36,Ideal,5,E,SI1,3
2099,2100,1.21,Premium,4,H,VS1,4
2100,2101,0.27,Very Good,3,D,VS2,5
2101,2102,2.07,Premium,4,H,SI1,3
2102,2103,0.3,Very Good,3,I,VS2,5
2103,2104,0.31,Very Good,3,G,VVS1,7
2104,2105,1.51,Premium,4,E,SI1,3
2105,2106,0.41,Premium,4,D,SI2,2
2106,2107,0.43,Ideal,5,F,SI1,3
2107,2108,2.02,Premium,4,F,SI2,2
2108,2109,0.71,Very Good,3,I,VS1,4
2109,2110,0.25,Ideal,5,I,VS2,5
2110,2111,0.3,Ideal,5,G,VVS1,7
2111,2112,0.48,Premium,4,F,VS2,5
2112,2113,0.73,Ideal,5,G,VS2,5
2113,2114,0.35,Ideal,5,H,VVS1,7
2114,2115,0.73,Premium,4,E,SI2,2
2115,2116,0.72,Ideal,5,H,VVS2,6
2116,2117,0.6,Very Good,3,E,SI2,2
2117,2118,1.5,Very Good,3,E,SI2,2
2118,2119,0.31,Ideal,5,G,VVS1,7
2119,2120,1.0,Good,2,F,SI1,3
2120,2121,0.78,Good,2,F,VS1,4
2121,2122,1.76,Ideal,5,I,VS1,4
2122,2123,0.9,Premium,4,E,SI1,3
2123,2124,1.0,Good,2,D,VS2,5
2124,2125,0.7,Premium,4,G,SI1,3
2125,2126,0.41,Premium,4,G,VVS2,6
2126,2127,0.52,Ideal,5,D,VS1,4
2127,2128,0.64,Premium,4,D,SI2,2
2128,2129,0.91,Premium,4,E,SI1,3
2129,2130,0.51,Ideal,5,D,VS2,5
2130,2131,0.3,Good,2,E,VVS2,6
2131,2132,0.47,Good,2,F,VS1,4
2132,2133,0.71,Ideal,5,F,VVS1,7
2133,2134,0.31,Ideal,5,F,VVS2,6
2134,2135,0.3,Ideal,5,H,VVS2,6
2135,2136,1.0,Premium,4,H,SI1,3
2136,2137,0.33,Ideal,5,E,VS2,5
2137,2138,1.04,Premium,4,F,SI2,2
2138,2139,0.71,Very Good,3,E,VS2,5
2139,2140,1.05,Very Good,3,E,SI2,2
2140,2141,0.42,Ideal,5,H,VVS1,7
2141,2142,0.33,Very Good,3,H,IF,8
2142,2143,0.32,Premium,4,I,VS2,5
2143,2144,1.01,Good,2,I,SI2,2
2144,2145,0.5,Ideal,5,G,VVS1,7
2145,2146,0.3,Premium,4,E,VS1,4
2146,2147,0.53,Ideal,5,D,VS2,5
2147,2148,1.04,Ideal,5,F,SI1,3
2148,2149,0.7,Ideal,5,E,VS1,4
2149,2150,0.36,Premium,4,D,VS2,5
2150,2151,0.27,Ideal,5,E,VS2,5
2151,2152,0.39,Ideal,5,E,VS2,5
2152,2153,0.68,Ideal,5,E,VS1,4
2153,2154,0.7,Ideal,5,F,VS2,5
2154,2155,0.31,Ideal,5,F,IF,8
2155,2156,0.4,Ideal,5,F,VS1,4
2156,2157,0.43,Ideal,5,F,SI1,3
2157,2158,0.24,Very Good,3,F,VVS1,7
2158,2159,1.0,Premium,4,E,SI1,3
2159,2160,1.61,Premium,4,J,SI2,2
2160,2161,0.3,Very Good,3,J,VS1,4
2161,2162,1.0,Ideal,5,D,SI1,3
2162,2163,0.71,Premium,4,E,SI2,2
2163,2164,1.01,Ideal,5,H,SI1,3
2164,2165,1.0,Very Good,3,F,SI2,2
2165,2166,0.46,Very Good,3,D,VS2,5
2166,2167,0.92,Good,2,H,VS1,4
2167,2168,1.61,Premium,4,I,SI1,3
2168,2169,0.31,Very Good,3,I,VVS2,6
2169,2170,0.31,Ideal,5,D,VVS2,6
2170,2171,0.77,Ideal,5,H,VS2,5
2171,2172,1.2,Very Good,3,J,SI1,3
2172,2173,0.78,Ideal,5,G,SI1,3
2173,2174,0.4,Ideal,5,E,SI2,2
2174,2175,0.56,Ideal,5,G,VS1,4
2175,2176,0.31,Premium,4,H,IF,8
2176,2177,0.41,Ideal,5,H,VVS1,7
2177,2178,0.32,Premium,4,I,SI1,3
2178,2179,0.38,Ideal,5,E,VS1,4
2179,2180,0.3,Ideal,5,E,VS2,5
2180,2181,1.25,Ideal,5,I,VS2,5
2181,2182,1.79,Premium,4,I,VS1,4
2182,2183,0.43,Ideal,5,D,VS2,5
2183,2184,0.35,Ideal,5,E,VS2,5
2184,2185,0.31,Premium,4,E,IF,8
2185,2186,0.71,Premium,4,F,SI1,3
2186,2187,0.51,Fair,1,G,SI1,3
2187,2188,0.32,Ideal,5,D,VS2,5
2188,2189,0.53,Ideal,5,D,SI2,2
2189,2190,1.0,Very Good,3,E,SI2,2
2190,2191,0.7,Ideal,5,E,SI1,3
2191,2192,1.7,Very Good,3,H,SI2,2
2192,2193,1.17,Ideal,5,G,VS2,5
2193,2194,0.8,Very Good,3,H,VS2,5
2194,2195,0.38,Premium,4,F,SI1,3
2195,2196,0.3,Ideal,5,G,SI2,2
2196,2197,0.55,Ideal,5,E,SI1,3
2197,2198,0.7,Fair,1,H,VS1,4
2198,2199,0.31,Ideal,5,D,VS2,5
2199,2200,2.01,Very Good,3,H,I1,1
2200,2201,0.63,Ideal,5,J,SI2,2
2201,2202,0.7,Fair,1,F,VS1,4
2202,2203,1.59,Ideal,5,H,VS2,5
2203,2204,0.38,Ideal,5,F,SI1,3
2204,2205,0.5,Ideal,5,G,VVS2,6
2205,2206,1.0,Good,2,H,VS1,4
2206,2207,0.52,Ideal,5,D,SI1,3
2207,2208,0.31,Ideal,5,E,VS2,5
2208,2209,0.41,Premium,4,G,VS2,5
2209,2210,1.21,Premium,4,E,SI2,2
2210,2211,0.64,Premium,4,F,VS2,5
2211,2212,0.7,Very Good,3,F,VS2,5
2212,2213,0.31,Good,2,H,VS2,5
2213,2214,0.82,Ideal,5,H,VVS1,7
2214,2215,1.06,Ideal,5,E,SI2,2
2215,2216,0.54,Very Good,3,E,SI1,3
2216,2217,1.52,Very Good,3,F,SI2,2
2217,2218,1.5,Very Good,3,J,VVS2,6
2218,2219,0.59,Very Good,3,D,VS1,4
2219,2220,1.17,Very Good,3,H,SI1,3
2220,2221,0.8,Ideal,5,D,SI1,3
2221,2222,1.03,Premium,4,H,SI2,2
2222,2223,0.51,Ideal,5,G,VVS1,7
2223,2224,0.73,Ideal,5,G,SI2,2
2224,2225,0.51,Ideal,5,E,SI1,3
2225,2226,0.31,Premium,4,G,VS2,5
2226,2227,0.38,Very Good,3,I,VS1,4
2227,2228,1.52,Good,2,J,VS2,5
2228,2229,1.24,Premium,4,G,IF,8
2229,2230,1.02,Ideal,5,H,SI1,3
2230,2231,0.3,Ideal,5,I,VVS2,6
2231,2232,0.39,Premium,4,E,VS2,5
2232,2233,0.76,Good,2,D,VS2,5
2233,2234,0.52,Premium,4,F,VS2,5
2234,2235,1.02,Premium,4,E,VS2,5
2235,2236,0.4,Ideal,5,G,VS2,5
2236,2237,0.52,Ideal,5,D,VVS2,6
2237,2238,0.52,Very Good,3,D,VS2,5
2238,2239,0.63,Premium,4,F,SI1,3
2239,2240,0.32,Premium,4,E,VVS2,6
2240,2241,0.4,Premium,4,D,VVS2,6
2241,2242,0.74,Ideal,5,E,SI2,2
2242,2243,1.07,Ideal,5,H,SI2,2
2243,2244,3.01,Good,2,I,SI2,2
2244,2245,0.31,Premium,4,G,VVS2,6
2245,2246,0.54,Ideal,5,J,VVS1,7
2246,2247,0.7,Very Good,3,G,SI1,3
2247,2248,2.48,Premium,4,I,SI1,3
2248,2249,0.3,Ideal,5,H,VS2,5
2249,2250,0.9,Good,2,I,SI2,2
2250,2251,0.33,Premium,4,G,VVS1,7
2251,2252,1.3,Premium,4,G,VS2,5
2252,2253,1.14,Good,2,G,SI2,2
2253,2254,0.62,Ideal,5,H,VVS1,7
2254,2255,0.31,Premium,4,E,VS1,4
2255,2256,0.3,Ideal,5,G,IF,8
2256,2257,1.02,Ideal,5,E,SI1,3
2257,2258,0.53,Ideal,5,G,VS2,5
2258,2259,1.08,Premium,4,G,SI2,2
2259,2260,1.01,Premium,4,F,SI2,2
2260,2261,1.13,Fair,1,H,SI2,2
2261,2262,1.7,Ideal,5,F,VS2,5
2262,2263,0.42,Ideal,5,F,VS1,4
2263,2264,1.08,Ideal,5,E,VS1,4
2264,2265,0.77,Premium,4,J,VS2,5
2265,2266,1.11,Ideal,5,G,VS2,5
2266,2267,1.12,Ideal,5,E,SI2,2
2267,2268,1.2,Premium,4,H,VS1,4
2268,2269,1.02,Very Good,3,F,VS1,4
2269,2270,0.33,Ideal,5,G,VVS2,6
2270,2271,0.31,Very Good,3,G,VVS1,7
2271,2272,1.25,Premium,4,J,SI1,3
2272,2273,1.25,Premium,4,H,VS2,5
2273,2274,0.3,Ideal,5,E,VVS2,6
2274,2275,1.11,Ideal,5,G,VS2,5
2275,2276,0.61,Ideal,5,F,VS2,5
2276,2277,1.26,Very Good,3,G,SI1,3
2277,2278,0.32,Ideal,5,D,SI1,3
2278,2279,1.5,Premium,4,I,VS1,4
2279,2280,0.39,Ideal,5,F,SI1,3
2280,2281,1.73,Premium,4,H,SI2,2
2281,2282,1.0,Ideal,5,I,SI2,2
2282,2283,2.39,Very Good,3,J,VS1,4
2283,2284,1.52,Premium,4,H,SI1,3
2284,2285,0.33,Ideal,5,D,SI2,2
2285,2286,0.31,Ideal,5,I,VVS1,7
2286,2287,1.2,Very Good,3,F,SI1,3
2287,2288,0.36,Ideal,5,D,VVS2,6
2288,2289,0.31,Ideal,5,I,VS2,5
2289,2290,0.37,Ideal,5,E,VS2,5
2290,2291,2.59,Ideal,5,J,VS1,4
2291,2292,0.56,Ideal,5,E,VS2,5
2292,2293,1.01,Premium,4,F,SI1,3
2293,2294,0.71,Ideal,5,F,SI1,3
2294,2295,0.4,Very Good,3,G,SI2,2
2295,2296,1.02,Ideal,5,E,SI1,3
2296,2297,0.38,Very Good,3,H,SI2,2
2297,2298,1.01,Premium,4,G,SI2,2
2298,2299,0.84,Ideal,5,J,VS2,5
2299,2300,0.83,Premium,4,J,SI1,3
2300,2301,0.31,Premium,4,I,VVS2,6
2301,2302,2.01,Premium,4,J,SI2,2
2302,2303,0.43,Ideal,5,F,VVS1,7
2303,2304,0.34,Ideal,5,F,VS2,5
2304,2305,0.33,Ideal,5,E,VS1,4
2305,2306,1.0,Very Good,3,D,SI2,2
2306,2307,0.28,Ideal,5,G,SI1,3
2307,2308,0.4,Ideal,5,G,VVS2,6
2308,2309,1.08,Ideal,5,H,SI1,3
2309,2310,1.19,Fair,1,I,SI1,3
2310,2311,1.51,Very Good,3,F,VS1,4
2311,2312,0.91,Very Good,3,E,SI2,2
2312,2313,0.43,Premium,4,G,VS2,5
2313,2314,1.01,Ideal,5,E,VS2,5
2314,2315,0.53,Ideal,5,F,VS2,5
2315,2316,0.33,Very Good,3,D,VVS1,7
2316,2317,1.11,Premium,4,F,SI2,2
2317,2318,1.02,Premium,4,F,VS1,4
2318,2319,1.01,Premium,4,F,SI1,3
2319,2320,0.9,Premium,4,H,SI1,3
2320,2321,1.03,Ideal,5,D,VVS2,6
2321,2322,0.42,Ideal,5,D,VVS2,6
2322,2323,0.51,Ideal,5,G,VS1,4
2323,2324,0.71,Ideal,5,E,VVS2,6
2324,2325,1.6,Ideal,5,J,VS2,5
2325,2326,0.64,Very Good,3,D,VS2,5
2326,2327,1.07,Premium,4,F,SI1,3
2327,2328,0.63,Ideal,5,J,SI1,3
2328,2329,0.43,Premium,4,F,VS2,5
2329,2330,0.34,Premium,4,G,VS2,5
2330,2331,0.3,Good,2,G,VS1,4
2331,2332,1.0,Very Good,3,F,SI1,3
2332,2333,1.01,Very Good,3,E,VS2,5
2333,2334,1.23,Good,2,J,SI1,3
2334,2335,1.02,Premium,4,H,SI1,3
2335,2336,2.01,Fair,1,E,SI2,2
2336,2337,0.82,Ideal,5,F,SI2,2
2337,2338,0.32,Ideal,5,F,VS2,5
2338,2339,0.71,Premium,4,F,SI1,3
2339,2340,0.4,Very Good,3,E,SI2,2
2340,2341,0.4,Very Good,3,J,IF,8
2341,2342,0.51,Ideal,5,I,VS2,5
2342,2343,0.32,Good,2,D,VS2,5
2343,2344,0.42,Ideal,5,G,VVS2,6
2344,2345,0.32,Very Good,3,I,VS1,4
2345,2346,1.66,Premium,4,J,VVS2,6
2346,2347,1.56,Very Good,3,I,SI1,3
2347,2348,1.5,Very Good,3,J,I1,1
2348,2349,0.31,Ideal,5,E,IF,8
2349,2350,0.7,Good,2,E,VS2,5
2350,2351,0.7,Ideal,5,F,SI1,3
2351,2352,0.72,Ideal,5,H,SI2,2
2352,2353,0.52,Ideal,5,D,SI2,2
2353,2354,0.41,Very Good,3,F,VVS1,7
2354,2355,0.9,Very Good,3,H,VS1,4
2355,2356,2.06,Ideal,5,I,VS2,5
2356,2357,0.72,Ideal,5,I,VS1,4
2357,2358,0.38,Premium,4,E,VS2,5
2358,2359,0.51,Ideal,5,E,VS2,5
2359,2360,0.31,Premium,4,G,VVS1,7
2360,2361,0.71,Very Good,3,J,SI1,3
2361,2362,2.22,Ideal,5,I,VS2,5
2362,2363,1.24,Ideal,5,D,VVS2,6
2363,2364,1.02,Premium,4,F,VS2,5
2364,2365,0.78,Ideal,5,H,VVS2,6
2365,2366,0.34,Good,2,E,SI1,3
2366,2367,1.25,Premium,4,H,SI2,2
2367,2368,0.71,Ideal,5,G,VS1,4
2368,2369,0.7,Premium,4,E,SI1,3
2369,2370,0.3,Premium,4,J,VS2,5
2370,2371,1.03,Ideal,5,D,SI1,3
2371,2372,0.53,Ideal,5,E,VS2,5
2372,2373,0.4,Premium,4,F,VVS2,6
2373,2374,0.57,Premium,4,D,VS1,4
2374,2375,1.01,Fair,1,E,SI1,3
2375,2376,0.71,Good,2,D,VS1,4
2376,2377,1.21,Ideal,5,G,VS1,4
2377,2378,1.54,Premium,4,I,SI2,2
2378,2379,0.32,Premium,4,I,VS1,4
2379,2380,0.93,Premium,4,G,VS2,5
2380,2381,0.71,Premium,4,D,VS2,5
2381,2382,2.33,Ideal,5,I,VS2,5
2382,2383,0.52,Premium,4,G,SI1,3
2383,2384,2.01,Premium,4,J,SI2,2
2384,2385,0.53,Ideal,5,E,VS2,5
2385,2386,0.57,Premium,4,G,VS2,5
2386,2387,0.58,Good,2,G,SI1,3
2387,2388,0.31,Premium,4,E,VS2,5
2388,2389,0.31,Good,2,H,VVS1,7
2389,2390,0.34,Ideal,5,E,VS2,5
2390,2391,1.01,Good,2,E,SI2,2
2391,2392,1.08,Ideal,5,G,VS1,4
2392,2393,0.33,Ideal,5,I,VS1,4
2393,2394,1.11,Very Good,3,E,VS1,4
2394,2395,0.3,Ideal,5,E,VS2,5
2395,2396,1.01,Very Good,3,I,VS1,4
2396,2397,1.73,Good,2,E,I1,1
2397,2398,1.5,Premium,4,H,SI2,2
2398,2399,1.02,Premium,4,G,VVS1,7
2399,2400,0.34,Ideal,5,G,IF,8
2400,2401,1.04,Good,2,F,SI2,2
2401,2402,0.5,Ideal,5,E,VS2,5
2402,2403,0.41,Ideal,5,J,VS2,5
2403,2404,1.02,Premium,4,J,SI1,3
2404,2405,0.5,Premium,4,G,VS1,4
2405,2406,0.66,Ideal,5,G,SI1,3
2406,2407,0.42,Premium,4,F,VVS1,7
2407,2408,0.3,Very Good,3,H,VS2,5
2408,2409,1.01,Very Good,3,D,SI2,2
2409,2410,0.7,Fair,1,G,SI2,2
2410,2411,0.45,Good,2,G,VVS1,7
2411,2412,1.01,Ideal,5,E,VS1,4
2412,2413,0.74,Fair,1,G,SI1,3
2413,2414,1.45,Fair,1,J,SI2,2
2414,2415,0.3,Ideal,5,I,SI1,3
2415,2416,1.62,Ideal,5,G,VS2,5
2416,2417,0.9,Good,2,E,SI2,2
2417,2418,0.31,Premium,4,E,VS2,5
2418,2419,1.03,Premium,4,H,I1,1
2419,2420,0.3,Premium,4,E,VS2,5
2420,2421,0.25,Very Good,3,D,VVS2,6
2421,2422,0.31,Premium,4,E,VS1,4
2422,2423,1.0,Premium,4,H,SI2,2
2423,2424,0.9,Very Good,3,D,SI2,2
2424,2425,1.0,Very Good,3,H,SI1,3
2425,2426,0.5,Very Good,3,H,SI1,3
2426,2427,1.91,Ideal,5,G,SI2,2
2427,2428,0.5,Premium,4,F,VS1,4
2428,2429,1.03,Ideal,5,F,SI2,2
2429,2430,1.1,Very Good,3,I,VS1,4
2430,2431,1.51,Ideal,5,H,SI2,2
2431,2432,0.67,Ideal,5,F,SI2,2
2432,2433,1.35,Fair,1,J,SI1,3
2433,2434,1.02,Very Good,3,F,VVS2,6
2434,2435,0.31,Very Good,3,G,VVS1,7
2435,2436,0.79,Very Good,3,J,VS2,5
2436,2437,0.3,Ideal,5,G,VVS2,6
2437,2438,0.52,Very Good,3,G,VS1,4
2438,2439,0.33,Very Good,3,I,VS2,5
2439,2440,1.2,Ideal,5,F,VS2,5
2440,2441,0.78,Premium,4,F,SI2,2
2441,2442,0.41,Ideal,5,F,VVS2,6
2442,2443,0.4,Premium,4,D,SI1,3
2443,2444,0.42,Ideal,5,G,VS2,5
2444,2445,0.52,Very Good,3,G,VVS2,6
2445,2446,0.76,Ideal,5,G,SI2,2
2446,2447,1.11,Premium,4,D,SI2,2
2447,2448,1.04,Ideal,5,G,VVS1,7
2448,2449,0.41,Very Good,3,G,VVS2,6
2449,2450,0.33,Ideal,5,H,VVS2,6
2450,2451,0.3,Ideal,5,I,SI1,3
2451,2452,0.32,Premium,4,G,VS2,5
2452,2453,0.34,Good,2,H,SI1,3
2453,2454,0.56,Premium,4,I,VVS1,7
2454,2455,0.7,Premium,4,F,SI2,2
2455,2456,0.33,Premium,4,G,IF,8
2456,2457,0.26,Premium,4,H,VVS1,7
2457,2458,1.0,Good,2,E,SI2,2
2458,2459,0.35,Ideal,5,E,VVS1,7
2459,2460,1.01,Premium,4,D,SI1,3
2460,2461,2.04,Premium,4,H,SI1,3
2461,2462,0.55,Ideal,5,H,SI2,2
2462,2463,0.26,Very Good,3,F,VS1,4
2463,2464,0.41,Very Good,3,G,VS1,4
2464,2465,0.41,Ideal,5,E,VVS2,6
2465,2466,0.32,Ideal,5,I,VS1,4
2466,2467,0.36,Ideal,5,D,VS2,5
2467,2468,0.73,Very Good,3,E,SI2,2
2468,2469,0.33,Premium,4,H,IF,8
2469,2470,0.72,Very Good,3,E,VVS2,6
2470,2471,0.4,Good,2,D,SI1,3
2471,2472,1.28,Ideal,5,H,VVS1,7
2472,2473,0.38,Ideal,5,G,VVS1,7
2473,2474,1.24,Ideal,5,H,VS2,5
2474,2475,1.5,Good,2,G,SI2,2
2475,2476,1.5,Good,2,J,SI1,3
2476,2477,2.01,Ideal,5,H,SI1,3
2477,2478,1.1,Ideal,5,G,VS1,4
2478,2479,0.5,Good,2,G,VS2,5
2479,2480,1.5,Premium,4,E,SI1,3
2480,2481,1.5,Premium,4,J,VVS2,6
2481,2482,1.06,Ideal,5,D,VVS2,6
2482,2483,0.56,Very Good,3,E,VVS2,6
2483,2484,0.95,Good,2,I,SI2,2
2484,2485,0.31,Premium,4,G,VVS1,7
2485,2486,1.05,Very Good,3,H,SI1,3
2486,2487,2.01,Ideal,5,D,SI2,2
2487,2488,0.31,Very Good,3,E,SI1,3
2488,2489,0.56,Ideal,5,E,VS1,4
2489,2490,0.3,Ideal,5,D,VS2,5
2490,2491,0.7,Ideal,5,H,VVS2,6
2491,2492,1.5,Very Good,3,I,SI2,2
2492,2493,0.38,Ideal,5,F,VVS1,7
2493,2494,0.3,Very Good,3,I,SI1,3
2494,2495,0.71,Premium,4,D,SI2,2
2495,2496,1.0,Ideal,5,G,SI1,3
2496,2497,1.22,Premium,4,E,SI1,3
2497,2498,1.51,Ideal,5,G,VVS2,6
2498,2499,2.01,Ideal,5,G,SI1,3
2499,2500,0.36,Premium,4,E,VVS2,6
2500,2501,0.42,Ideal,5,G,VS1,4
2501,2502,0.91,Premium,4,F,VS2,5
2502,2503,1.29,Good,2,I,VS2,5
2503,2504,1.01,Very Good,3,G,SI1,3
2504,2505,1.63,Ideal,5,F,I1,1
2505,2506,2.0,Good,2,G,SI1,3
2506,2507,2.53,Premium,4,H,SI1,3
2507,2508,1.03,Fair,1,D,SI1,3
2508,2509,0.35,Ideal,5,G,IF,8
2509,2510,1.02,Good,2,H,SI2,2
2510,2511,1.51,Premium,4,H,I1,1
2511,2512,1.56,Ideal,5,F,VS1,4
2512,2513,0.23,Very Good,3,E,VVS1,7
2513,2514,0.66,Good,2,G,VS1,4
2514,2515,0.91,Premium,4,H,VS2,5
2515,2516,0.31,Very Good,3,I,SI1,3
2516,2517,0.44,Ideal,5,F,VVS2,6
2517,2518,0.4,Good,2,D,SI1,3
2518,2519,0.9,Very Good,3,I,SI1,3
2519,2520,0.59,Very Good,3,G,VS1,4
2520,2521,0.41,Ideal,5,E,VVS2,6
2521,2522,1.01,Very Good,3,G,VS1,4
2522,2523,0.52,Very Good,3,I,SI1,3
2523,2524,0.37,Premium,4,G,SI1,3
2524,2525,1.51,Premium,4,F,SI1,3
2525,2526,2.01,Very Good,3,H,SI1,3
2526,2527,2.05,Premium,4,I,SI2,2
2527,2528,1.21,Premium,4,H,SI1,3
2528,2529,1.01,Very Good,3,H,VS1,4
2529,2530,0.23,Good,2,E,VVS2,6
2530,2531,1.5,Fair,1,H,I1,1
2531,2532,0.73,Ideal,5,G,VS1,4
2532,2533,0.73,Very Good,3,J,VS2,5
2533,2534,0.56,Fair,1,F,SI1,3
2534,2535,0.33,Premium,4,H,VS1,4
2535,2536,1.71,Ideal,5,G,SI1,3
2536,2537,2.15,Ideal,5,G,SI2,2
2537,2538,1.31,Ideal,5,F,SI1,3
2538,2539,0.9,Good,2,F,SI1,3
2539,2540,0.38,Ideal,5,G,VS1,4
2540,2541,0.4,Premium,4,F,VVS1,7
2541,2542,1.03,Very Good,3,G,VS1,4
2542,2543,0.39,Very Good,3,J,VVS1,7
2543,2544,0.42,Ideal,5,E,VS2,5
2544,2545,0.58,Ideal,5,D,SI2,2
2545,2546,1.0,Fair,1,E,SI2,2
2546,2547,0.31,Very Good,3,G,VS1,4
2547,2548,1.5,Premium,4,H,SI2,2
2548,2549,0.7,Good,2,F,VVS2,6
2549,2550,1.5,Premium,4,I,SI1,3
2550,2551,1.5,Very Good,3,D,SI1,3
2551,2552,1.55,Ideal,5,I,VS2,5
2552,2553,0.33,Premium,4,G,VS1,4
2553,2554,1.23,Ideal,5,H,VS2,5
2554,2555,0.57,Very Good,3,G,SI1,3
2555,2556,1.72,Premium,4,F,I1,1
2556,2557,1.0,Premium,4,G,VS1,4
2557,2558,1.28,Ideal,5,G,I1,1
2558,2559,0.38,Ideal,5,G,VS2,5
2559,2560,0.9,Very Good,3,G,SI2,2
2560,2561,1.51,Very Good,3,G,VVS2,6
2561,2562,0.52,Premium,4,H,SI1,3
2562,2563,0.31,Ideal,5,E,VVS1,7
2563,2564,0.28,Very Good,3,F,VVS2,6
2564,2565,0.7,Very Good,3,E,SI1,3
2565,2566,1.51,Very Good,3,E,VS2,5
2566,2567,1.05,Very Good,3,G,IF,8
2567,2568,1.0,Premium,4,E,VVS2,6
2568,2569,1.51,Very Good,3,J,VVS2,6
2569,2570,1.21,Very Good,3,H,SI1,3
2570,2571,0.34,Ideal,5,I,VS1,4
2571,2572,0.9,Premium,4,E,SI1,3
2572,2573,1.3,Ideal,5,D,SI1,3
2573,2574,0.42,Ideal,5,G,VS1,4
2574,2575,0.74,Ideal,5,E,SI1,3
2575,2576,1.02,Ideal,5,D,VS1,4
2576,2577,0.3,Ideal,5,D,VS2,5
2577,2578,0.4,Very Good,3,D,VVS2,6
2578,2579,0.3,Premium,4,D,SI1,3
2579,2580,0.3,Ideal,5,E,VS2,5
2580,2581,2.01,Fair,1,H,SI2,2
2581,2582,1.35,Premium,4,F,VS2,5
2582,2583,1.03,Ideal,5,F,SI2,2
2583,2584,1.01,Good,2,D,SI1,3
2584,2585,0.71,Very Good,3,H,VS2,5
2585,2586,0.38,Ideal,5,F,VVS1,7
2586,2587,0.5,Good,2,G,SI2,2
2587,2588,0.54,Premium,4,H,VS1,4
2588,2589,0.73,Ideal,5,F,VVS1,7
2589,2590,1.01,Fair,1,D,SI2,2
2590,2591,0.51,Premium,4,E,VS2,5
2591,2592,1.01,Good,2,I,VS2,5
2592,2593,2.03,Premium,4,J,VS1,4
2593,2594,0.34,Ideal,5,H,VVS2,6
2594,2595,0.54,Ideal,5,F,VVS2,6
2595,2596,0.7,Good,2,I,VS1,4
2596,2597,1.52,Good,2,H,SI1,3
2597,2598,0.31,Ideal,5,D,SI1,3
2598,2599,0.4,Very Good,3,E,VVS1,7
2599,2600,0.5,Premium,4,D,SI1,3
2600,2601,1.02,Very Good,3,E,SI2,2
2601,2602,0.5,Very Good,3,H,VS1,4
2602,2603,1.21,Very Good,3,E,SI1,3
2603,2604,0.54,Good,2,D,VS1,4
2604,2605,1.01,Ideal,5,H,SI1,3
2605,2606,0.32,Ideal,5,H,VS2,5
2606,2607,0.9,Premium,4,H,VS2,5
2607,2608,1.5,Ideal,5,F,VVS2,6
2608,2609,0.33,Premium,4,G,VVS1,7
2609,2610,0.5,Very Good,3,F,VS2,5
2610,2611,0.71,Ideal,5,D,SI2,2
2611,2612,0.72,Premium,4,H,VS2,5
2612,2613,1.08,Very Good,3,G,SI2,2
2613,2614,0.55,Ideal,5,E,SI1,3
2614,2615,0.33,Premium,4,F,VS2,5
2615,2616,0.3,Very Good,3,G,VVS2,6
2616,2617,0.41,Ideal,5,E,VVS1,7
2617,2618,0.35,Premium,4,E,SI1,3
2618,2619,1.51,Very Good,3,H,VS1,4
2619,2620,0.82,Good,2,J,SI1,3
2620,2621,1.18,Premium,4,H,SI1,3
2621,2622,0.4,Premium,4,G,VS1,4
2622,2623,0.31,Ideal,5,H,VS2,5
2623,2624,0.3,Premium,4,H,SI1,3
2624,2625,2.05,Premium,4,E,SI2,2
2625,2626,0.7,Very Good,3,F,SI1,3
2626,2627,0.42,Very Good,3,E,SI1,3
2627,2628,1.06,Ideal,5,H,SI2,2
2628,2629,0.29,Very Good,3,G,VVS2,6
2629,2630,0.73,Ideal,5,E,VS1,4
2630,2631,1.03,Very Good,3,G,SI1,3
2631,2632,0.74,Ideal,5,E,SI1,3
2632,2633,1.18,Premium,4,E,I1,1
2633,2634,0.9,Premium,4,H,VS1,4
2634,2635,1.41,Premium,4,G,SI1,3
2635,2636,1.03,Ideal,5,H,VVS2,6
2636,2637,1.02,Premium,4,D,VS2,5
2637,2638,0.7,Ideal,5,F,SI2,2
2638,2639,0.32,Ideal,5,F,VS2,5
2639,2640,0.43,Ideal,5,E,VVS1,7
2640,2641,0.5,Very Good,3,E,SI2,2
2641,2642,0.28,Very Good,3,D,VVS2,6
2642,2643,0.36,Ideal,5,H,VS2,5
2643,2644,1.51,Very Good,3,F,SI1,3
2644,2645,0.52,Ideal,5,G,VS2,5
2645,2646,1.05,Ideal,5,F,SI1,3
2646,2647,0.34,Very Good,3,D,SI1,3
2647,2648,0.4,Ideal,5,E,VS2,5
2648,2649,2.14,Ideal,5,H,SI2,2
2649,2650,2.0,Premium,4,J,VS1,4
2650,2651,0.92,Premium,4,F,SI2,2
2651,2652,1.55,Premium,4,D,SI2,2
2652,2653,1.04,Ideal,5,G,VS2,5
2653,2654,1.02,Ideal,5,E,SI1,3
2654,2655,2.01,Very Good,3,I,SI1,3
2655,2656,1.51,Fair,1,I,VS2,5
2656,2657,0.3,Ideal,5,F,VVS2,6
2657,2658,1.01,Ideal,5,G,VS2,5
2658,2659,1.05,Premium,4,J,VS1,4
2659,2660,1.22,Ideal,5,E,VVS2,6
2660,2661,0.75,Premium,4,F,SI1,3
2661,2662,0.44,Ideal,5,F,SI1,3
2662,2663,0.33,Ideal,5,G,VS1,4
2663,2664,0.72,Ideal,5,E,VS2,5
2664,2665,0.81,Premium,4,E,SI2,2
2665,2666,0.3,Ideal,5,D,SI1,3
2666,2667,0.7,Very Good,3,E,SI1,3
2667,2668,1.72,Premium,4,H,SI1,3
2668,2669,1.0,Premium,4,F,SI1,3
2669,2670,0.3,Very Good,3,G,SI1,3
2670,2671,0.28,Ideal,5,H,VVS2,6
2671,2672,0.72,Very Good,3,J,VS1,4
2672,2673,0.31,Premium,4,G,SI1,3
2673,2674,1.54,Premium,4,I,SI2,2
2674,2675,0.31,Ideal,5,G,SI1,3
2675,2676,0.37,Premium,4,D,VVS2,6
2676,2677,0.38,Ideal,5,G,VS2,5
2677,2678,0.9,Fair,1,E,I1,1
2678,2679,1.0,Premium,4,J,SI1,3
2679,2680,0.33,Very Good,3,I,VVS1,7
2680,2681,1.03,Very Good,3,J,SI2,2
2681,2682,0.42,Very Good,3,D,SI2,2
2682,2683,0.62,Ideal,5,G,VVS2,6
2683,2684,0.9,Ideal,5,J,SI1,3
2684,2685,1.18,Very Good,3,I,SI2,2
2685,2686,0.41,Ideal,5,F,VS2,5
2686,2687,0.25,Very Good,3,D,VVS2,6
2687,2688,0.36,Premium,4,D,SI2,2
2688,2689,0.51,Ideal,5,E,SI2,2
2689,2690,1.19,Premium,4,G,VS2,5
2690,2691,0.5,Premium,4,F,SI1,3
2691,2692,0.41,Very Good,3,E,SI2,2
2692,2693,1.5,Premium,4,F,VS2,5
2693,2694,0.51,Very Good,3,I,SI1,3
2694,2695,0.7,Ideal,5,I,VVS1,7
2695,2696,0.36,Ideal,5,G,SI1,3
2696,2697,0.77,Premium,4,E,SI1,3
2697,2698,0.7,Good,2,F,SI2,2
2698,2699,0.46,Ideal,5,E,SI2,2
2699,2700,0.95,Good,2,G,VVS2,6
2700,2701,0.83,Ideal,5,G,VS1,4
2701,2702,0.7,Very Good,3,G,VS1,4
2702,2703,1.14,Very Good,3,G,SI2,2
2703,2704,1.18,Good,2,D,SI2,2
2704,2705,0.33,Ideal,5,G,VVS1,7
2705,2706,0.23,Ideal,5,E,SI2,2
2706,2707,0.92,Ideal,5,E,SI2,2
2707,2708,0.33,Ideal,5,E,SI1,3
2708,2709,1.05,Very Good,3,E,VVS1,7
2709,2710,0.52,Ideal,5,F,VS2,5
2710,2711,1.18,Premium,4,G,VS2,5
2711,2712,1.07,Premium,4,H,VS2,5
2712,2713,1.02,Very Good,3,G,VS2,5
2713,2714,1.52,Premium,4,G,VS1,4
2714,2715,0.31,Ideal,5,F,VS1,4
2715,2716,1.2,Premium,4,J,SI1,3
2716,2717,0.32,Premium,4,F,SI1,3
2717,2718,0.7,Premium,4,H,VS2,5
2718,2719,0.35,Ideal,5,E,VS2,5
2719,2720,0.51,Ideal,5,G,VS1,4
2720,2721,1.05,Ideal,5,G,SI1,3
2721,2722,0.35,Ideal,5,E,SI1,3
2722,2723,0.31,Premium,4,J,VS2,5
2723,2724,0.3,Ideal,5,J,IF,8
2724,2725,0.61,Ideal,5,D,VVS2,6
2725,2726,0.6,Premium,4,D,SI1,3
2726,2727,0.35,Very Good,3,G,VS2,5
2727,2728,0.51,Ideal,5,G,VS1,4
2728,2729,0.71,Ideal,5,F,VS1,4
2729,2730,1.11,Premium,4,H,SI1,3
2730,2731,0.33,Ideal,5,D,VVS2,6
2731,2732,0.7,Ideal,5,E,VS2,5
2732,2733,1.2,Ideal,5,G,VVS2,6
2733,2734,0.31,Ideal,5,G,SI1,3
2734,2735,0.36,Ideal,5,G,SI1,3
2735,2736,0.91,Very Good,3,F,SI1,3
2736,2737,1.0,Very Good,3,E,VS2,5
2737,2738,0.9,Very Good,3,E,VS1,4
2738,2739,0.52,Premium,4,E,VVS1,7
2739,2740,1.06,Ideal,5,G,VVS2,6
2740,2741,0.31,Good,2,E,VS2,5
2741,2742,0.7,Ideal,5,H,SI1,3
2742,2743,1.23,Ideal,5,F,SI2,2
2743,2744,0.52,Ideal,5,H,VS2,5
2744,2745,0.31,Premium,4,F,VS2,5
2745,2746,1.0,Very Good,3,F,IF,8
2746,2747,0.3,Very Good,3,I,VS1,4
2747,2748,1.27,Ideal,5,H,SI1,3
2748,2749,0.26,Ideal,5,H,VS1,4
2749,2750,0.71,Premium,4,F,SI1,3
2750,2751,0.5,Good,2,F,SI1,3
2751,2752,0.34,Premium,4,H,VS1,4
2752,2753,1.02,Premium,4,F,VS2,5
2753,2754,1.51,Very Good,3,G,VS1,4
2754,2755,1.08,Very Good,3,H,VVS1,7
2755,2756,1.16,Fair,1,H,SI2,2
2756,2757,0.91,Very Good,3,H,VS2,5
2757,2758,1.33,Premium,4,I,SI2,2
2758,2759,0.92,Very Good,3,D,SI1,3
2759,2760,0.46,Ideal,5,G,IF,8
2760,2761,0.33,Premium,4,G,VS1,4
2761,2762,1.01,Premium,4,E,SI2,2
2762,2763,1.04,Premium,4,D,SI2,2
2763,2764,0.73,Ideal,5,H,VVS2,6
2764,2765,0.42,Premium,4,G,VS2,5
2765,2766,0.46,Fair,1,I,VS1,4
2766,2767,0.78,Fair,1,G,SI2,2
2767,2768,1.0,Premium,4,F,VS2,5
2768,2769,0.71,Ideal,5,G,IF,8
2769,2770,0.33,Premium,4,H,VS2,5
2770,2771,0.71,Premium,4,F,SI1,3
2771,2772,0.91,Premium,4,F,SI2,2
2772,2773,2.23,Premium,4,J,VS2,5
2773,2774,0.7,Ideal,5,D,VS2,5
2774,2775,1.13,Premium,4,J,VS1,4
2775,2776,1.75,Ideal,5,J,VS2,5
2776,2777,1.21,Premium,4,H,SI1,3
2777,2778,0.7,Very Good,3,F,VS2,5
2778,2779,1.01,Good,2,F,SI1,3
2779,2780,0.36,Ideal,5,H,VS2,5
2780,2781,0.72,Very Good,3,E,SI2,2
2781,2782,1.62,Very Good,3,I,VS2,5
2782,2783,1.19,Ideal,5,F,VVS2,6
2783,2784,1.01,Very Good,3,G,SI1,3
2784,2785,0.7,Premium,4,D,VS1,4
2785,2786,1.03,Ideal,5,F,VS2,5
2786,2787,0.54,Fair,1,F,SI1,3
2787,2788,0.9,Very Good,3,F,SI2,2
2788,2789,0.4,Ideal,5,H,IF,8
2789,2790,0.51,Premium,4,G,VS2,5
2790,2791,0.53,Premium,4,E,VS2,5
2791,2792,0.5,Premium,4,E,VS2,5
2792,2793,0.36,Ideal,5,E,SI1,3
2793,2794,0.64,Good,2,D,SI1,3
2794,2795,0.9,Ideal,5,G,VVS1,7
2795,2796,0.35,Ideal,5,D,SI1,3
2796,2797,0.3,Good,2,G,VVS2,6
2797,2798,1.0,Premium,4,D,SI1,3
2798,2799,0.59,Ideal,5,G,SI1,3
2799,2800,0.71,Good,2,E,SI2,2
2800,2801,0.7,Very Good,3,D,VS1,4
2801,2802,0.31,Premium,4,I,SI1,3
2802,2803,1.57,Ideal,5,F,SI1,3
2803,2804,0.9,Ideal,5,G,SI1,3
2804,2805,0.59,Ideal,5,D,SI1,3
2805,2806,0.26,Very Good,3,G,VS1,4
2806,2807,0.41,Ideal,5,E,VVS2,6
2807,2808,0.4,Very Good,3,G,VS1,4
2808,2809,0.53,Very Good,3,E,VS2,5
2809,2810,0.7,Ideal,5,I,SI1,3
2810,2811,0.32,Premium,4,D,SI1,3
2811,2812,0.7,Good,2,F,VS1,4
2812,2813,0.7,Very Good,3,E,VS2,5
2813,2814,0.9,Good,2,G,SI1,3
2814,2815,0.33,Premium,4,G,VS2,5
2815,2816,1.15,Good,2,J,SI2,2
2816,2817,1.01,Very Good,3,E,VS2,5
2817,2818,0.32,Ideal,5,I,IF,8
2818,2819,2.33,Very Good,3,H,SI2,2
2819,2820,0.79,Very Good,3,I,SI1,3
2820,2821,1.21,Ideal,5,H,SI1,3
2821,2822,0.75,Very Good,3,G,SI1,3
2822,2823,0.4,Ideal,5,I,SI1,3
2823,2824,1.23,Good,2,I,VS1,4
2824,2825,1.08,Premium,4,G,SI1,3
2825,2826,0.28,Very Good,3,E,VS1,4
2826,2827,0.54,Very Good,3,F,VS2,5
2827,2828,1.09,Premium,4,G,VS2,5
2828,2829,0.28,Very Good,3,E,VVS2,6
2829,2830,1.2,Premium,4,F,SI2,2
2830,2831,1.0,Ideal,5,E,SI1,3
2831,2832,0.36,Ideal,5,G,SI1,3
2832,2833,0.6,Very Good,3,F,SI1,3
2833,2834,1.71,Premium,4,H,SI1,3
2834,2835,0.33,Ideal,5,E,VS2,5
2835,2836,0.3,Ideal,5,E,VVS1,7
2836,2837,0.71,Ideal,5,D,SI2,2
2837,2838,0.31,Ideal,5,G,IF,8
2838,2839,0.32,Ideal,5,E,VVS2,6
2839,2840,0.66,Ideal,5,H,SI1,3
2840,2841,1.5,Good,2,D,SI2,2
2841,2842,0.38,Premium,4,H,VS2,5
2842,2843,1.22,Premium,4,F,VS2,5
2843,2844,1.53,Very Good,3,H,VS1,4
2844,2845,0.3,Ideal,5,H,SI1,3
2845,2846,1.79,Premium,4,G,VS2,5
2846,2847,1.02,Ideal,5,I,I1,1
2847,2848,0.3,Ideal,5,F,VVS2,6
2848,2849,0.75,Ideal,5,G,SI1,3
2849,2850,0.54,Ideal,5,G,SI1,3
2850,2851,0.7,Fair,1,F,SI2,2
2851,2852,1.25,Ideal,5,H,SI1,3
2852,2853,0.82,Ideal,5,I,SI1,3
2853,2854,1.01,Very Good,3,F,VS2,5
2854,2855,1.15,Very Good,3,H,SI2,2
2855,2856,1.67,Ideal,5,F,VS2,5
2856,2857,1.01,Very Good,3,E,VS2,5
2857,2858,0.39,Very Good,3,E,VS2,5
2858,2859,1.22,Ideal,5,I,VS1,4
2859,2860,1.01,Good,2,E,SI1,3
2860,2861,2.0,Very Good,3,I,VS2,5
2861,2862,0.54,Ideal,5,D,VS2,5
2862,2863,0.9,Premium,4,J,SI1,3
2863,2864,0.32,Very Good,3,E,SI1,3
2864,2865,0.54,Very Good,3,F,SI1,3
2865,2866,0.5,Premium,4,D,SI1,3
2866,2867,1.51,Premium,4,J,VVS2,6
2867,2868,1.01,Very Good,3,H,VS2,5
2868,2869,0.77,Good,2,D,SI2,2
2869,2870,0.7,Fair,1,E,SI2,2
2870,2871,0.31,Ideal,5,E,VS2,5
2871,2872,2.18,Premium,4,J,SI2,2
2872,2873,0.3,Very Good,3,J,VS1,4
2873,2874,0.53,Ideal,5,D,SI1,3
2874,2875,0.9,Very Good,3,F,SI1,3
2875,2876,1.13,Ideal,5,H,SI1,3
2876,2877,0.4,Premium,4,D,SI2,2
2877,2878,0.5,Very Good,3,D,VS2,5
2878,2879,0.37,Ideal,5,F,VVS1,7
2879,2880,1.12,Very Good,3,I,VS2,5
2880,2881,1.28,Ideal,5,G,SI1,3
2881,2882,0.66,Very Good,3,E,VVS1,7
2882,2883,0.71,Good,2,H,SI1,3
2883,2884,0.4,Premium,4,H,VS1,4
2884,2885,1.28,Ideal,5,H,SI1,3
2885,2886,0.42,Premium,4,E,SI2,2
2886,2887,1.0,Very Good,3,H,SI2,2
2887,2888,0.41,Premium,4,G,VS1,4
2888,2889,0.52,Very Good,3,I,VS1,4
2889,2890,0.46,Ideal,5,G,VVS1,7
2890,2891,1.5,Very Good,3,J,VS2,5
2891,2892,1.13,Very Good,3,I,VS2,5
2892,2893,0.3,Very Good,3,I,SI1,3
2893,2894,2.0,Very Good,3,E,SI2,2
2894,2895,1.68,Ideal,5,I,VS2,5
2895,2896,0.3,Ideal,5,D,SI1,3
2896,2897,0.81,Premium,4,G,VS1,4
2897,2898,0.35,Very Good,3,E,SI1,3
2898,2899,1.54,Ideal,5,D,SI2,2
2899,2900,0.32,Ideal,5,H,VVS1,7
2900,2901,0.9,Ideal,5,E,SI1,3
2901,2902,0.79,Ideal,5,I,VS1,4
2902,2903,0.5,Ideal,5,D,SI2,2
2903,2904,1.09,Ideal,5,E,SI1,3
2904,2905,0.33,Very Good,3,E,VS2,5
2905,2906,0.38,Good,2,F,VS2,5
2906,2907,0.31,Ideal,5,E,VS2,5
2907,2908,1.21,Very Good,3,G,SI2,2
2908,2909,1.19,Ideal,5,E,SI2,2
2909,2910,0.55,Ideal,5,G,VVS2,6
2910,2911,0.7,Ideal,5,F,SI1,3
2911,2912,0.39,Very Good,3,G,VVS1,7
2912,2913,1.66,Ideal,5,J,SI2,2
2913,2914,1.1,Ideal,5,I,SI1,3
2914,2915,1.21,Very Good,3,G,SI2,2
2915,2916,0.3,Very Good,3,E,VS1,4
2916,2917,0.86,Good,2,G,SI2,2
2917,2918,0.3,Ideal,5,G,VS1,4
2918,2919,1.22,Ideal,5,G,VS1,4
2919,2920,0.3,Premium,4,E,SI1,3
2920,2921,1.2,Ideal,5,G,VS1,4
2921,2922,0.31,Ideal,5,H,VVS1,7
2922,2923,2.01,Very Good,3,I,VS2,5
2923,2924,0.37,Ideal,5,J,SI1,3
2924,2925,0.31,Premium,4,E,VS1,4
2925,2926,0.3,Ideal,5,F,SI1,3
2926,2927,0.31,Ideal,5,F,VVS2,6
2927,2928,0.27,Very Good,3,F,VVS1,7
2928,2929,0.32,Ideal,5,D,VVS2,6
2929,2930,0.33,Ideal,5,H,IF,8
2930,2931,1.86,Very Good,3,H,SI2,2
2931,2932,0.72,Ideal,5,H,VS1,4
2932,2933,1.05,Ideal,5,H,SI1,3
2933,2934,1.02,Premium,4,G,VS2,5
2934,2935,1.04,Very Good,3,E,SI1,3
2935,2936,0.95,Very Good,3,J,VVS2,6
2936,2937,0.3,Ideal,5,H,VVS2,6
2937,2938,0.27,Very Good,3,G,VS1,4
2938,2939,0.32,Premium,4,F,VS2,5
2939,2940,1.28,Ideal,5,G,SI1,3
2940,2941,1.31,Premium,4,F,SI1,3
2941,2942,0.3,Premium,4,E,SI1,3
2942,2943,1.51,Ideal,5,I,VS1,4
2943,2944,0.36,Ideal,5,E,VS2,5
2944,2945,0.73,Premium,4,F,SI1,3
2945,2946,0.33,Ideal,5,G,IF,8
2946,2947,1.0,Premium,4,G,SI2,2
2947,2948,0.31,Ideal,5,G,IF,8
2948,2949,0.56,Ideal,5,E,VS2,5
2949,2950,0.32,Premium,4,G,VVS2,6
2950,2951,1.53,Premium,4,G,VVS1,7
2951,2952,0.52,Very Good,3,H,SI1,3
2952,2953,0.42,Ideal,5,G,VVS1,7
2953,2954,0.3,Ideal,5,D,VS2,5
2954,2955,1.0,Very Good,3,G,VS2,5
2955,2956,0.44,Good,2,E,VS2,5
2956,2957,1.01,Good,2,E,VS2,5
2957,2958,0.31,Ideal,5,J,VS1,4
2958,2959,2.28,Premium,4,H,SI2,2
2959,2960,0.5,Premium,4,D,VS2,5
2960,2961,0.5,Ideal,5,E,VVS2,6
2961,2962,0.36,Very Good,3,E,SI1,3
2962,2963,0.7,Ideal,5,I,SI1,3
2963,2964,0.4,Premium,4,D,SI2,2
2964,2965,0.52,Good,2,G,VS2,5
2965,2966,1.02,Ideal,5,G,SI2,2
2966,2967,0.76,Very Good,3,G,VVS2,6
2967,2968,2.03,Ideal,5,I,SI2,2
2968,2969,1.51,Premium,4,F,VS2,5
2969,2970,0.61,Very Good,3,E,SI1,3
2970,2971,1.0,Premium,4,F,VS2,5
2971,2972,1.07,Premium,4,E,SI2,2
2972,2973,1.21,Very Good,3,F,VS1,4
2973,2974,0.46,Fair,1,G,VS1,4
2974,2975,0.79,Good,2,I,VS2,5
2975,2976,0.32,Ideal,5,F,VVS2,6
2976,2977,0.4,Ideal,5,F,VS2,5
2977,2978,0.51,Fair,1,E,VS2,5
2978,2979,1.05,Premium,4,J,VS1,4
2979,2980,0.43,Very Good,3,H,SI1,3
2980,2981,0.3,Ideal,5,G,VVS2,6
2981,2982,1.51,Premium,4,E,SI1,3
2982,2983,1.54,Ideal,5,J,VS2,5
2983,2984,1.16,Ideal,5,I,VS2,5
2984,2985,1.01,Premium,4,D,SI1,3
2985,2986,1.01,Very Good,3,I,VS2,5
2986,2987,0.83,Premium,4,H,SI1,3
2987,2988,0.93,Very Good,3,F,VS2,5
2988,2989,1.2,Very Good,3,G,SI2,2
2989,2990,0.8,Ideal,5,E,VVS2,6
2990,2991,1.11,Ideal,5,D,VVS2,6
2991,2992,1.31,Premium,4,H,SI2,2
2992,2993,1.11,Good,2,F,SI1,3
2993,2994,1.1,Good,2,D,SI2,2
2994,2995,1.22,Premium,4,I,SI2,2
2995,2996,0.72,Ideal,5,F,SI2,2
2996,2997,1.09,Premium,4,I,VS2,5
2997,2998,1.05,Very Good,3,G,SI1,3
2998,2999,0.7,Fair,1,G,SI1,3
2999,3000,1.01,Very Good,3,F,SI1,3
